{
  "Vine1": {
    "times": [
      0,
      1.314031379960018,
      1.7146480074444823,
      16
    ],
    "T": 16,
    "births": [
      3.8230878401052997,
      3.8230878401052997,
      3.823087834812682,
      3.823087828060775,
      3.823087823251514,
      3.823088818978445,
      3.8230888021246643,
      3.8230878401052992,
      3.823087823251514,
      3.8230888021246643,
      3.823087823251514,
      3.8230888021246643,
      3.8230888021246643,
      3.8230888021246643,
      3.8230878232515138,
      3.823087823251514,
      3.8230878232515146,
      3.8230888189784444,
      3.823087823251514
    ],
    "deaths": [
      7.310438006484906,
      7.310438006484906,
      7.129771052013718,
      7.186341477478725,
      7.307462541647476,
      8.124217475126944,
      8.796785321454083,
      9.690822572813415,
      9.98881354160718,
      11.045542429017145,
      11.710810374135258,
      12.747366609445105,
      13.015729594509942,
      13.669182480121515,
      14.246244005833889,
      15.06539479475772,
      15.56608548930469,
      16.30234224462448,
      16.865313125112323
    ],
    "persistence": [
      3.4873501663796067,
      3.4873501663796067,
      3.3066832172010354,
      3.3632536494179495,
      3.484374718395962,
      4.301128656148499,
      4.973696519329419,
      5.867734732708116,
      6.165725718355667,
      7.222453626892481,
      7.887722550883744,
      8.924277807320442,
      9.192640792385278,
      9.846093677996851,
      10.423156182582375,
      11.242306971506206,
      11.742997666053176,
      12.479253425646036,
      13.042225301860809
    ],
    "vertex_times": [
      0,
      1,
      1.314031379960018,
      1.7146480074444823,
      2,
      3,
      4,
      5,
      6,
      7,
      8,
      9,
      10,
      11,
      12,
      13,
      14,
      15,
      16
    ],
    "dist_from_diag": 88.67093887814165
  },
  "Vine2": {
    "times": [
      0,
      1.2473220162400294,
      1.314031379960018,
      16
    ],
    "T": 16,
    "births": [
      6.6264498227128374,
      6.6264498227128374,
      6.474220151012688,
      6.433159736364589,
      6.01093781122896,
      6.254489355875186,
      6.159205636995164,
      5.87874825270057,
      6.346850004170337,
      6.14499490398438,
      6.640462600347358,
      6.904064705696638,
      7.082397312710647,
      7.707047385128496,
      8.21898672346251,
      8.539603292852133,
      8.881877962846483,
      9.490945022719604,
      10.12239429144044
    ],
    "deaths": [
      7.00363099582288,
      7.00363099582288,
      7.120351130749252,
      7.129771052013718,
      6.7351230347958015,
      6.254489355875186,
      6.159205636995164,
      5.87874825270057,
      6.346850004170337,
      6.14499490398438,
      6.640462600347358,
      6.904064705696638,
      7.082397312710647,
      7.707047385128496,
      8.21898672346251,
      8.539603292852133,
      8.881877962846483,
      9.490945022719604,
      10.12239429144044
    ],
    "persistence": [
      0.37718117311004296,
      0.37718117311004296,
      0.6461309797365633,
      0.6966113156491289,
      0.7241852235668418,
      0.0,
      0.0,
      0.0,
      0.0,
      0.0,
      0.0,
      0.0,
      0.0,
      0.0,
      0.0,
      0.0,
      0.0,
      0.0,
      0.0
    ],
    "vertex_times": [
      0,
      1,
      1.2473220162400294,
      1.314031379960018,
      2,
      3,
      4,
      5,
      6,
      7,
      8,
      9,
      10,
      11,
      12,
      13,
      14,
      15,
      16
    ],
    "dist_from_diag": 0.9884753599410551
  },
  "Vine3": {
    "times": [
      0,
      16
    ],
    "T": 16,
    "births": [
      6.818963908751095,
      6.818963908751095,
      7.34992413759632,
      7.798302752982151,
      8.133328875964748,
      8.685850069391424,
      9.048475641169347,
      10.24735457438587,
      10.17914985261235,
      11.19730613933454,
      11.919001560482865,
      12.281008609523445,
      12.674465419900162,
      13.626885404316203,
      13.898409719720059,
      14.492718643623668,
      15.502600267075518
    ],
    "deaths": [
      6.818963908751095,
      6.818963908751095,
      7.34992413759632,
      7.798302752982151,
      8.243978321381128,
      8.827602545894214,
      9.048475641169347,
      10.24735457438587,
      10.54153790808884,
      11.40263219513955,
      11.919001560482865,
      12.281008609523445,
      12.674465419900162,
      13.626885404316203,
      13.91638173532668,
      14.58699633154643,
      15.502600267075518
    ],
    "persistence": [
      0.0,
      0.0,
      0.0,
      0.0,
      0.11064944541637978,
      0.14175247650278955,
      0.0,
      0.0,
      0.3623880554764902,
      0.20532605580500984,
      0.0,
      0.0,
      0.0,
      0.0,
      0.017972015606622094,
      0.09427768792276225,
      0.0
    ],
    "vertex_times": [
      0,
      1,
      2,
      3,
      4,
      5,
      6,
      7,
      8,
      9,
      10,
      11,
      12,
      13,
      14,
      15,
      16
    ],
    "dist_from_diag": 0.6592821349878123
  },
  "Vine4": {
    "times": [
      0,
      1.2347573363863207,
      1.7146480074444823,
      2.0,
      16
    ],
    "T": 16,
    "births": [
      6.736311433869058,
      6.736311433869058,
      6.827629451351609,
      7.014301635335192,
      7.125300416655426,
      7.5530758592532345,
      8.243978321381128,
      8.827602545894214,
      8.972476151452618,
      9.800144627889836,
      10.54153790808884,
      11.40263219513955,
      11.65919831850758,
      12.030427342416479,
      12.531010250559849,
      13.420974317415336,
      13.91638173532668,
      14.58699633154643,
      15.17312567456643
    ],
    "deaths": [
      6.846454721693412,
      6.846454721693412,
      6.982646145819486,
      7.186341477478725,
      7.226635570431167,
      7.5530758592532345,
      8.243978321381128,
      8.827602545894214,
      8.972476151452618,
      9.800144627889836,
      10.54153790808884,
      11.40263219513955,
      11.65919831850758,
      12.030427342416479,
      12.531010250559849,
      13.420974317415336,
      13.91638173532668,
      14.58699633154643,
      15.17312567456643
    ],
    "persistence": [
      0.11014328782435445,
      0.11014328782435445,
      0.1550166944678768,
      0.17203984214353252,
      0.1013351537757412,
      0.0,
      0.0,
      0.0,
      0.0,
      0.0,
      0.0,
      0.0,
      0.0,
      0.0,
      0.0,
      0.0,
      0.0,
      0.0,
      0.0
    ],
    "vertex_times": [
      0,
      1,
      1.2347573363863207,
      1.7146480074444823,
      2,
      3,
      4,
      5,
      6,
      7,
      8,
      9,
      10,
      11,
      12,
      13,
      14,
      15,
      16
    ],
    "dist_from_diag": 0.21878925421066941
  },
  "Vine5": {
    "times": [
      0,
      1.254982628440219,
      3.080136267199371,
      3.080136267199371,
      4.3395265223878035,
      4.3395265223878035,
      5.790650010746684,
      6.482475204159481,
      6.794497393626436,
      9.724378191339213,
      10.421548555948238,
      13.204430561681079,
      13.204430561681079,
      14.185368481813228,
      14.185368481813228,
      14.965556077521049,
      14.965556077521049,
      16
    ],
    "T": 16,