{
  "Vine1": {
    "times": [
      0,
      14.354689868197438,
      25
    ],
    "T": 25,
    "births": [
      1.8532551262911385,
      1.8532551262911385,
      1.8532551262911385,
      2.063045060467363,
      1.753001754111721,
      1.5529764950735878,
      1.4640265519360518,
      1.406900449783393,
      1.366011742931893,
      1.334850711514604,
      1.3101056519981575,
      1.2898887233224825,
      1.2730246030620913,
      1.2503546110736568,
      1.2325899689434168,
      1.224965190126933,
      1.2110929387202714,
      1.192132017305825,
      1.1788181326698433,
      1.1692046778498073,
      1.1567780426268848,
      1.149582668470951,
      1.1452504038997289,
      1.1426022756046146,
      1.1409972481966584,
      1.140059636069887,
      1.1395551643247022
    ],
    "deaths": [
      1.8532551262911385,
      1.8532551262911385,
      1.8532551262911385,
      2.063045060467363,
      1.799657722261345,
      2.065994090072421,
      2.227675301595076,
      2.351013517381755,
      2.454858980473358,
      2.546265061898088,
      2.62889504991709,
      2.704971047292894,
      2.775953337150262,
      2.888238120394669,
      2.995237148271196,
      3.051014392244711,
      3.1457971688761446,
      3.313691831333281,
      3.4684275587725524,
      3.6124411249295902,
      3.8766168460933743,
      4.119426430550854,
      4.334128850136175,
      4.523584746632005,
      4.69041541642952,
      4.837032040685858,
      4.965625486633254
    ],
    "persistence": [
      0.0,
      0.0,
      0.0,
      0.0,
      0.046655968149623916,
      0.5130175949988331,
      0.7636487496590243,
      0.9441130675983618,
      1.0888472375414648,
      1.211414350383484,
      1.3187893979189325,
      1.4150823239704116,
      1.5029287340881705,
      1.6378835093210125,
      1.7626471793277794,
      1.8260492021177779,
      1.9347042301558732,
      2.1215598140274556,
      2.289609426102709,
      2.4432364470797827,
      2.7198388034664895,
      2.969843762079903,
      3.188878446236447,
      3.38098247102739,
      3.5494181682328616,
      3.696972404615971,
      3.826070322308552
    ],
    "vertex_times": [
      0,
      1,
      2,
      3,
      4,
      5,
      6,
      7,
      8,
      9,
      10,
      11,
      12,
      13,
      14,
      14.354689868197438,
      15,
      16,
      17,
      18,
      19,
      20,
      21,
      22,
      23,
      24,
      25
    ],
    "dist_from_diag": 29.991435480945608
  },
  "Vine2": {
    "times": [
      0,
      2.1320999992107255,
      2.994407560919522,
      3.015809929311917,
      3.015809929311917,
      3.3703165097238763,
      3.4490791319209797,
      5.343859233620212,
      7.069526226408028,
      10.616831841972234,
      14.354689868197438,
      16.36572405948802,
      18.0,
      18.52638018572224,
      18.53063594828067,
      18.531861445215196,
      18.531861445215196,
      20.0,
      25
    ],
    "T": 25,
    "births": [
      1.1947385481124506,
      1.1947385481124506,
      1.1947385481124506,
      1.19037870663287,
      1.5199556599930608,
      1.5220931096871628,
      1.5251470092897115,
      1.5251470092897115,
      1.593624703507163,
      1.5890280020767311,
      1.7501345821686083,
      2.0133682554893886,
      2.071682187837901,
      2.182954896320791,
      2.3151223583953318,
      2.322906977812873,
      2.4270890193191663,
      2.5256843903078368,
      2.614590034108357,
      2.664883624862017,
      2.696125368913469,
      2.771876557965014,
      2.888238120394669,
      2.995237148271196,
      3.051014392244711,
      3.1457971688761446,
      3.313691831333281,
      3.370282409720203,
      3.4684275587725524,
      3.6124411249295902,
      3.7497837059900543,
      3.750894115215191,
      3.751213870625131,
      3.751213870625131,
      3.8733601047578645,
      4.103009799220928,
      4.305399978173666,
      4.483705933041448,
      4.640654662415641,
      4.778627881135427,
      4.89972229840351
    ],
    "deaths": [
      2.646474596066667,
      2.646474596066667,
      2.646474596066667,
      2.645684413369683,
      2.64052634736808,
      2.6400340480636735,
      2.642354976453343,
      2.642354976453343,
      2.684108490384742,
      2.6933850917932647,
      2.758272130317922,
      2.8811364311784677,
      2.9072057805790137,
      2.902201392168135,
      2.98614475296165,
      2.989964050568089,
      2.9916300398293734,
      3.005113941425742,
      3.0260782740850236,
      3.0421389734171966,
      3.0440054786106967,
      3.046636321172881,
      3.0480501361400383,
      3.116492380154489,
      3.1610086803954998,
      3.2420000538505165,
      3.3885005960909567,
      3.4380312027710183,
      3.4684275587725524,
      3.6124411249295902,
      3.7497837059900543,
      3.750894115215191,
      3.751213870625131,
      3.751213870625131,
      3.8733601047578645,
      4.103009799220928,
      4.305399978173666,
      4.483705933041448,
      4.640654662415641,
      4.778627881135427,
      4.89972229840351
    ],
    "persistence": [
      1.4517360479542165,
      1.4517360479542165,
      1.4517360479542165,
      1.4553057067368131,
      1.1205706873750192,
      1.1179409383765107,
      1.1172079671636317,
      1.1172079671636317,
      1.090483786877579,
      1.1043570897165336,
      1.0081375481493138,
      0.8677681756890792,
      0.8355235927411129,
      0.7192464958473441,
      0.6710223945663181,
      0.6670570727552159,
      0.564541020510207,
      0.4794295511179052,
      0.4114882399766664,
      0.3772553485551797,
      0.3478801096972277,
      0.2747597632078671,
      0.15981201574536907,
      0.12125523188329268,
      0.10999428815078893,
      0.0962028849743719,
      0.07480876475767584,
      0.06774879305081516,
      0.0,
      0.0,
      0.0,
      0.0,
      0.0,
      0.0,
      0.0,
      0.0,
      0.0,
      0.0,
      0.0,
      0.0,
      0.0
    ],
    "vertex_times": [
      0,
      1,
      2,
      2.1320999992107255,
      2.994407560919522,
      3,
      3.015809929311917,
      3.015809929311917,
      3.3703165097238763,
      3.4490791319209797,
      4,
      5,
      5.343859233620212,
      6,
      7,
      7.069526226408028,
      8,
      9,
      10,
      10.616831841972234,
      11,
      12,
      13,
      14,
      14.354689868197438,
      15,
      16,
      16.36572405948802,
      17,
      18,
      18.52638018572224,
      18.53063594828067,
      18.531861445215196,
      18.531861445215196,
      19,
      20,
      21,
      22,
      23,
      24,
      25
    ],
    "dist_from_diag": 7.498551362991171
  },
  "Vine3": {
    "times": [
      0,
      2.407787159130362,
      2.6038848661120317,
      3.3290801842918967,
      3.3703165097238763,
      3.5889698535192034,
      3.5889698535192034,
      4.992180142566788,
      5.841647122221895,
      7.424218416201598,
      7.669052469917529,
      7.669052469917529,
      12.634181917287705,
      16.39076845609679,
      18.0,
      18.535212868230673,
      19.0,
      20.1009199846237,
      20.1009199846237,
      25
    ],
    "T": 25,