{
  "barcode": [
    [
      3.1823682221457346,
      1.061970998659568
    ],
    [
      4.103438285357659,
      1.459254285515036
    ]
  ],
  "persistence": [
    0.9210700632119244,
    0.3972832868554681
  ],
  "barcodeJL": [
    [
      1.0619709986595731,
      3.182368222145734
    ],
    [
      1.4592542855150272,
      4.103438285357658
    ]
  ],
  "representatives": [
    [
      4,
      2,
      3,
      1
    ],
    [
      5,
      6,
      7,
      8
    ]
  ],
  "filtration": [
    [
      [
        0
      ],
      0.0
    ],
    [
      [
        1
      ],
      0.0
    ],
    [
      [
        2
      ],
      0.0
    ],
    [
      [
        3
      ],
      0.0
    ],
    [
      [
        4
      ],
      0.0
    ],
    [
      [
        5
      ],
      0.0
    ],
    [
      [
        6
      ],
      0.0
    ],
    [
      [
        7
      ],
      0.0
    ],
    [
      [
        0,
        1
      ],
      1.0397044183430209
    ],
    [
      [
        0,
        2
      ],
      1.5049554259811149
    ],
    [
      [
        0,
        3
      ],
      1.0592625294099667
    ],
    [
      [
        0,
        4
      ],
      14.784082078567002
    ],
    [
      [
        0,
        5
      ],
      12.703231814195039
    ],
    [
      [
        0,
        6
      ],
      14.903250035508698
    ],
    [
      [
        0,
        7
      ],
      16.76598003517498
    ],
    [
      [
        1,
        2
      ],
      1.031888201666245
    ],
    [
      [
        1,
        3
      ],
      1.459254285515036
    ],
    [
      [
        1,
        4
      ],
      15.510765725763703
    ],
    [
      [
        1,
        5
      ],
      13.295756014730301
    ],
    [
      [
        1,
        6
      ],
      15.392829457519692
    ],
    [
      [
        1,
        7
      ],
      17.38465619240283
    ],
    [
      [
        2,
        3
      ],
      1.061970998659568
    ],
    [
      [
        2,
        4
      ],
      14.852990353390728
    ],
    [
      [
        2,
        5
      ],
      12.520254077156782
    ],
    [
      [
        2,
        6
      ],
      14.538229892987387
    ],
    [
      [
        2,
        7
      ],
      16.620762460360538
    ],
    [
      [
        3,
        4
      ],
      14.052743204049166
    ],
    [
      [
        3,
        5
      ],
      11.848317580409338
    ],
    [
      [
        3,
        6
      ],
      13.979217744416388
    ],
    [
      [
        3,
        7
      ],
      15.932961485667818
    ],
    [
      [
        4,
        5
      ],
      3.1823682221457346
    ],
    [
      [
        4,
        6
      ],
      4.280824147026598
    ],
    [
      [
        4,
        7
      ],
      2.921297179548839
    ],
    [
      [
        5,
        6
      ],
      2.6964121391228377
    ],
    [
      [
        5,
        7
      ],
      4.103438285357659
    ],
    [
      [
        6,
        7
      ],
      3.049181290886129
    ],
    [
      [
        0,
        1,
        2
      ],
      1.5049554259811149
    ],
    [
      [
        0,
        1,
        3
      ],
      1.459254285515036
    ],
    [
      [
        0,
        1,
        4
      ],
      15.510765725763703
    ],
    [
      [
        0,
        1,
        5
      ],
      13.295756014730301
    ],
    [
      [
        0,
        1,
        6
      ],
      15.392829457519692
    ],
    [
      [
        0,
        1,
        7
      ],
      17.38465619240283
    ],
    [
      [
        0,
        2,
        3
      ],
      1.5049554259811149
    ],
    [
      [
        0,
        2,
        4
      ],
      14.852990353390728
    ],
    [
      [
        0,
        2,
        5
      ],
      12.703231814195039
    ],
    [
      [
        0,
        2,
        6
      ],
      14.903250035508698
    ],
    [
      [
        0,
        2,
        7
      ],
      16.76598003517498
    ],
    [
      [
        0,
        3,
        4
      ],
      14.784082078567002
    ],
    [
      [
        0,
        3,
        5
      ],
      12.703231814195039
    ],
    [
      [
        0,
        3,
        6
      ],
      14.903250035508698
    ],
    [
      [
        0,
        3,
        7
      ],
      16.76598003517498
    ],
    [
      [
        0,
        4,
        5
      ],
      14.784082078567002
    ],
    [
      [
        0,
        4,
        6
      ],
      14.903250035508698
    ],
    [
      [
        0,
        4,
        7
      ],
      16.76598003517498
    ],
    [
      [
        0,
        5,
        6
      ],
      14.903250035508698
    ],
    [
      [
        0,
        5,
        7
      ],
      16.76598003517498
    ],
    [
      [
        0,
        6,
        7
      ],
      16.76598003517498
    ],
    [
      [
        1,
        2,
        3
      ],
      1.459254285515036
    ],
    [
      [
        1,
        2,
        4
      ],
      15.510765725763703
    ],
    [
      [
        1,
        2,
        5
      ],
      13.295756014730301
    ],
    [
      [
        1,
        2,
        6
      ],
      15.392829457519692
    ],
    [
      [
        1,
        2,
        7
      ],
      17.38465619240283
    ],
    [
      [
        1,
        3,
        4
      ],
      15.510765725763703
    ],
    [
      [
        1,
        3,
        5
      ],
      13.295756014730301
    ],
    [
      [
        1,
        3,
        6
      ],
      15.392829457519692
    ],
    [
      [
        1,
        3,
        7
      ],
      17.38465619240283
    ],
    [
      [
        1,
        4,
        5
      ],
      15.510765725763703
    ],
    [
      [
        1,
        4,
        6
      ],
      15.510765725763703
    ],
    [
      [
        1,
        4,
        7
      ],
      17.38465619240283
    ],
    [
      [
        1,
        5,
        6
      ],
      15.392829457519692
    ],
    [
      [
        1,
        5,
        7
      ],
      17.38465619240283
    ],
    [
      [
        1,
        6,
        7
      ],
      17.38465619240283
    ],
    [
      [
        2,
        3,
        4
      ],
      14.852990353390728
    ],
    [
      [
        2,
        3,
        5
      ],
      12.520254077156782
    ],
    [
      [
        2,
        3,
        6
      ],
      14.538229892987387
    ],
    [
      [
        2,
        3,
        7
      ],
      16.620762460360538
    ],
    [
      [
        2,
        4,
        5
      ],
      14.852990353390728
    ],
    [
      [
        2,
        4,
        6
      ],
      14.852990353390728
    ],
    [
      [
        2,
        4,
        7
      ],
      16.620762460360538
    ],
    [
      [
        2,
        5,
        6
      ],
      14.538229892987387
    ],
    [
      [
        2,
        5,
        7
      ],
      16.620762460360538
    ],
    [
      [
        2,
        6,
        7
      ],
      16.620762460360538
    ],
    [
      [
        3,
        4,
        5
      ],
      14.052743204049166
    ],
    [
      [
        3,
        4,
        6
      ],
      14.052743204049166
    ],
    [
      [
        3,
        4,
        7
      ],
      15.932961485667818
    ],
    [
      [
        3,
        5,
        6
      ],
      13.979217744416388
    ],
    [
      [
        3,
        5,
        7
      ],
      15.932961485667818
    ],
    [
      [
        3,
        6,
        7
      ],
      15.932961485667818
    ],
    [
      [
        4,
        5,
        6
      ],
      4.280824147026598
    ],
    [
      [
        4,
        5,
        7
      ],
      4.103438285357659
    ],
    [
      [
        4,
        6,
        7
      ],
      4.280824147026598
    ],
    [
      [
        5,
        6,
        7
      ],
      4.103438285357659
    ]
  ]
}
