{
  "barcode": [
    [
      3.0499478521066554,
      0.9770521240450784
    ],
    [
      3.945987811703554,
      1.357722055167404
    ]
  ],
  "persistence": [
    0.8960399595968984,
    0.3806699311223257
  ],
  "barcodeJL": [
    [
      0.9770521240450685,
      3.0499478521066554
    ],
    [
      1.3577220551674196,
      3.9459878117035534
    ]
  ],
  "representatives": [
    [
      4,
      2,
      3,
      1
    ],
    [
      5,
      6,
      7,
      8
    ]
  ],
  "filtration": [
    [
      [
        0
      ],
      0.0
    ],
    [
      [
        1
      ],
      0.0
    ],
    [
      [
        2
      ],
      0.0
    ],
    [
      [
        3
      ],
      0.0
    ],
    [
      [
        4
      ],
      0.0
    ],
    [
      [
        5
      ],
      0.0
    ],
    [
      [
        6
      ],
      0.0
    ],
    [
      [
        7
      ],
      0.0
    ],
    [
      [
        0,
        1
      ],
      0.9660587972861693
    ],
    [
      [
        0,
        2
      ],
      1.3850964710882048
    ],
    [
      [
        0,
        3
      ],
      0.974778962049345
    ],
    [
      [
        0,
        4
      ],
      14.765725724297704
    ],
    [
      [
        0,
        5
      ],
      12.762483128652708
    ],
    [
      [
        0,
        6
      ],
      14.879923613263408
    ],
    [
      [
        0,
        7
      ],
      16.67418882584463
    ],
    [
      [
        1,
        2
      ],
      0.9613091443302724
    ],
    [
      [
        1,
        3
      ],
      1.357722055167404
    ],
    [
      [
        1,
        4
      ],
      15.446911449654298
    ],
    [
      [
        1,
        5
      ],
      13.32564184008189
    ],
    [
      [
        1,
        6
      ],
      15.350591323593695
    ],
    [
      [
        1,
        7
      ],
      17.259113443250207
    ],
    [
      [
        2,
        3
      ],
      0.9770521240450784
    ],
    [
      [
        2,
        4
      ],
      14.821019107298865
    ],
    [
      [
        2,
        5
      ],
      12.595895990345506
    ],
    [
      [
        2,
        6
      ],
      14.550234348910639
    ],
    [
      [
        2,
        7
      ],
      16.539184931462643
    ],
    [
      [
        3,
        4
      ],
      14.090092758803152
    ],
    [
      [
        3,
        5
      ],
      11.978436984760783
    ],
    [
      [
        3,
        6
      ],
      14.03326297390247
    ],
    [
      [
        3,
        7
      ],
      15.90836635225943
    ],
    [
      [
        4,
        5
      ],
      3.0499478521066554
    ],
    [
      [
        4,
        6
      ],
      4.122243359813804
    ],
    [
      [
        4,
        7
      ],
      2.8170114020963775
    ],
    [
      [
        5,
        6
      ],
      2.6130686936115937
    ],
    [
      [
        5,
        7
      ],
      3.945987811703554
    ],
    [
      [
        6,
        7
      ],
      2.924561324677259
    ],
    [
      [
        0,
        1,
        2
      ],
      1.3850964710882048
    ],
    [
      [
        0,
        1,
        3
      ],
      1.357722055167404
    ],
    [
      [
        0,
        1,
        4
      ],
      15.446911449654298
    ],
    [
      [
        0,
        1,
        5
      ],
      13.32564184008189
    ],
    [
      [
        0,
        1,
        6
      ],
      15.350591323593695
    ],
    [
      [
        0,
        1,
        7
      ],
      17.259113443250207
    ],
    [
      [
        0,
        2,
        3
      ],
      1.3850964710882048
    ],
    [
      [
        0,
        2,
        4
      ],
      14.821019107298865
    ],
    [
      [
        0,
        2,
        5
      ],
      12.762483128652708
    ],
    [
      [
        0,
        2,
        6
      ],
      14.879923613263408
    ],
    [
      [
        0,
        2,
        7
      ],
      16.67418882584463
    ],
    [
      [
        0,
        3,
        4
      ],
      14.765725724297704
    ],
    [
      [
        0,
        3,
        5
      ],
      12.762483128652708
    ],
    [
      [
        0,
        3,
        6
      ],
      14.879923613263408
    ],
    [
      [
        0,
        3,
        7
      ],
      16.67418882584463
    ],
    [
      [
        0,
        4,
        5
      ],
      14.765725724297704
    ],
    [
      [
        0,
        4,
        6
      ],
      14.879923613263408
    ],
    [
      [
        0,
        4,
        7
      ],
      16.67418882584463
    ],
    [
      [
        0,
        5,
        6
      ],
      14.879923613263408
    ],
    [
      [
        0,
        5,
        7
      ],
      16.67418882584463
    ],
    [
      [
        0,
        6,
        7
      ],
      16.67418882584463
    ],
    [
      [
        1,
        2,
        3
      ],
      1.357722055167404
    ],
    [
      [
        1,
        2,
        4
      ],
      15.446911449654298
    ],
    [
      [
        1,
        2,
        5
      ],
      13.32564184008189
    ],
    [
      [
        1,
        2,
        6
      ],
      15.350591323593695
    ],
    [
      [
        1,
        2,
        7
      ],
      17.259113443250207
    ],
    [
      [
        1,
        3,
        4
      ],
      15.446911449654298
    ],
    [
      [
        1,
        3,
        5
      ],
      13.32564184008189
    ],
    [
      [
        1,
        3,
        6
      ],
      15.350591323593695
    ],
    [
      [
        1,
        3,
        7
      ],
      17.259113443250207
    ],
    [
      [
        1,
        4,
        5
      ],
      15.446911449654298
    ],
    [
      [
        1,
        4,
        6
      ],
      15.446911449654298
    ],
    [
      [
        1,
        4,
        7
      ],
      17.259113443250207
    ],
    [
      [
        1,
        5,
        6
      ],
      15.350591323593695
    ],
    [
      [
        1,
        5,
        7
      ],
      17.259113443250207
    ],
    [
      [
        1,
        6,
        7
      ],
      17.259113443250207
    ],
    [
      [
        2,
        3,
        4
      ],
      14.821019107298865
    ],
    [
      [
        2,
        3,
        5
      ],
      12.595895990345506
    ],
    [
      [
        2,
        3,
        6
      ],
      14.550234348910639
    ],
    [
      [
        2,
        3,
        7
      ],
      16.539184931462643
    ],
    [
      [
        2,
        4,
        5
      ],
      14.821019107298865
    ],
    [
      [
        2,
        4,
        6
      ],
      14.821019107298865
    ],
    [
      [
        2,
        4,
        7
      ],
      16.539184931462643
    ],
    [
      [
        2,
        5,
        6
      ],
      14.550234348910639
    ],
    [
      [
        2,
        5,
        7
      ],
      16.539184931462643
    ],
    [
      [
        2,
        6,
        7
      ],
      16.539184931462643
    ],
    [
      [
        3,
        4,
        5
      ],
      14.090092758803152
    ],
    [
      [
        3,
        4,
        6
      ],
      14.090092758803152
    ],
    [
      [
        3,
        4,
        7
      ],
      15.90836635225943
    ],
    [
      [
        3,
        5,
        6
      ],
      14.03326297390247
    ],
    [
      [
        3,
        5,
        7
      ],
      15.90836635225943
    ],
    [
      [
        3,
        6,
        7
      ],
      15.90836635225943
    ],
    [
      [
        4,
        5,
        6
      ],
      4.122243359813804
    ],
    [
      [
        4,
        5,
        7
      ],
      3.945987811703554
    ],
    [
      [
        4,
        6,
        7
      ],
      4.122243359813804
    ],
    [
      [
        5,
        6,
        7
      ],
      3.945987811703554
    ]
  ]
}
