{
  "barcode": [
    [
      2.6591052224522818,
      0.9430281732037492
    ],
    [
      3.472368880640707,
      1.3300746744453857
    ]
  ],
  "persistence": [
    0.8132636581884252,
    0.38704650124163653
  ],
  "barcodeJL": [
    [
      0.9430281732037372,
      2.659105222452282
    ],
    [
      1.3300746744454066,
      3.472368880640707
    ]
  ],
  "representatives": [
    [
      4,
      2,
      3,
      1
    ],
    [
      5,
      6,
      7,
      8
    ]
  ],
  "filtration": [
    [
      [
        0
      ],
      0.0
    ],
    [
      [
        1
      ],
      0.0
    ],
    [
      [
        2
      ],
      0.0
    ],
    [
      [
        3
      ],
      0.0
    ],
    [
      [
        4
      ],
      0.0
    ],
    [
      [
        5
      ],
      0.0
    ],
    [
      [
        6
      ],
      0.0
    ],
    [
      [
        7
      ],
      0.0
    ],
    [
      [
        0,
        1
      ],
      0.9409252236288489
    ],
    [
      [
        0,
        2
      ],
      1.3319155105711469
    ],
    [
      [
        0,
        3
      ],
      0.9416212886909471
    ],
    [
      [
        0,
        4
      ],
      14.72581761448851
    ],
    [
      [
        0,
        5
      ],
      12.980293471665771
    ],
    [
      [
        0,
        6
      ],
      14.858997250805116
    ],
    [
      [
        0,
        7
      ],
      16.429227612159586
    ],
    [
      [
        1,
        2
      ],
      0.9390503451940146
    ],
    [
      [
        1,
        3
      ],
      1.3300746744453857
    ],
    [
      [
        1,
        4
      ],
      15.389435677456826
    ],
    [
      [
        1,
        5
      ],
      13.545135472433046
    ],
    [
      [
        1,
        6
      ],
      15.34311168437312
    ],
    [
      [
        1,
        7
      ],
      17.0099210427191
    ],
    [
      [
        2,
        3
      ],
      0.9430281732037492
    ],
    [
      [
        2,
        4
      ],
      14.756655709738844
    ],
    [
      [
        2,
        5
      ],
      12.825959971977966
    ],
    [
      [
        2,
        6
      ],
      14.56177929888302
    ],
    [
      [
        2,
        7
      ],
      16.297236875813123
    ],
    [
      [
        3,
        4
      ],
      14.05966758787163
    ],
    [
      [
        3,
        5
      ],
      12.22433970663336
    ],
    [
      [
        3,
        6
      ],
      14.047234031761057
    ],
    [
      [
        3,
        7
      ],
      15.686647402877995
    ],
    [
      [
        4,
        5
      ],
      2.6591052224522818
    ],
    [
      [
        4,
        6
      ],
      3.645674991000432
    ],
    [
      [
        4,
        7
      ],
      2.4991927558671816
    ],
    [
      [
        5,
        6
      ],
      2.3500403177484
    ],
    [
      [
        5,
        7
      ],
      3.472368880640707
    ],
    [
      [
        6,
        7
      ],
      2.5573438880762596
    ],
    [
      [
        0,
        1,
        2
      ],
      1.3319155105711469
    ],
    [
      [
        0,
        1,
        3
      ],
      1.3300746744453857
    ],
    [
      [
        0,
        1,
        4
      ],
      15.389435677456826
    ],
    [
      [
        0,
        1,
        5
      ],
      13.545135472433046
    ],
    [
      [
        0,
        1,
        6
      ],
      15.34311168437312
    ],
    [
      [
        0,
        1,
        7
      ],
      17.0099210427191
    ],
    [
      [
        0,
        2,
        3
      ],
      1.3319155105711469
    ],
    [
      [
        0,
        2,
        4
      ],
      14.756655709738844
    ],
    [
      [
        0,
        2,
        5
      ],
      12.980293471665771
    ],
    [
      [
        0,
        2,
        6
      ],
      14.858997250805116
    ],
    [
      [
        0,
        2,
        7
      ],
      16.429227612159586
    ],
    [
      [
        0,
        3,
        4
      ],
      14.72581761448851
    ],
    [
      [
        0,
        3,
        5
      ],
      12.980293471665771
    ],
    [
      [
        0,
        3,
        6
      ],
      14.858997250805116
    ],
    [
      [
        0,
        3,
        7
      ],
      16.429227612159586
    ],
    [
      [
        0,
        4,
        5
      ],
      14.72581761448851
    ],
    [
      [
        0,
        4,
        6
      ],
      14.858997250805116
    ],
    [
      [
        0,
        4,
        7
      ],
      16.429227612159586
    ],
    [
      [
        0,
        5,
        6
      ],
      14.858997250805116
    ],
    [
      [
        0,
        5,
        7
      ],
      16.429227612159586
    ],
    [
      [
        0,
        6,
        7
      ],
      16.429227612159586
    ],
    [
      [
        1,
        2,
        3
      ],
      1.3300746744453857
    ],
    [
      [
        1,
        2,
        4
      ],
      15.389435677456826
    ],
    [
      [
        1,
        2,
        5
      ],
      13.545135472433046
    ],
    [
      [
        1,
        2,
        6
      ],
      15.34311168437312
    ],
    [
      [
        1,
        2,
        7
      ],
      17.0099210427191
    ],
    [
      [
        1,
        3,
        4
      ],
      15.389435677456826
    ],
    [
      [
        1,
        3,
        5
      ],
      13.545135472433046
    ],
    [
      [
        1,
        3,
        6
      ],
      15.34311168437312
    ],
    [
      [
        1,
        3,
        7
      ],
      17.0099210427191
    ],
    [
      [
        1,
        4,
        5
      ],
      15.389435677456826
    ],
    [
      [
        1,
        4,
        6
      ],
      15.389435677456826
    ],
    [
      [
        1,
        4,
        7
      ],
      17.0099210427191
    ],
    [
      [
        1,
        5,
        6
      ],
      15.34311168437312
    ],
    [
      [
        1,
        5,
        7
      ],
      17.0099210427191
    ],
    [
      [
        1,
        6,
        7
      ],
      17.0099210427191
    ],
    [
      [
        2,
        3,
        4
      ],
      14.756655709738844
    ],
    [
      [
        2,
        3,
        5
      ],
      12.825959971977966
    ],
    [
      [
        2,
        3,
        6
      ],
      14.56177929888302
    ],
    [
      [
        2,
        3,
        7
      ],
      16.297236875813123
    ],
    [
      [
        2,
        4,
        5
      ],
      14.756655709738844
    ],
    [
      [
        2,
        4,
        6
      ],
      14.756655709738844
    ],
    [
      [
        2,
        4,
        7
      ],
      16.297236875813123
    ],
    [
      [
        2,
        5,
        6
      ],
      14.56177929888302
    ],
    [
      [
        2,
        5,
        7
      ],
      16.297236875813123
    ],
    [
      [
        2,
        6,
        7
      ],
      16.297236875813123
    ],
    [
      [
        3,
        4,
        5
      ],
      14.05966758787163
    ],
    [
      [
        3,
        4,
        6
      ],
      14.05966758787163
    ],
    [
      [
        3,
        4,
        7
      ],
      15.686647402877995
    ],
    [
      [
        3,
        5,
        6
      ],
      14.047234031761057
    ],
    [
      [
        3,
        5,
        7
      ],
      15.686647402877995
    ],
    [
      [
        3,
        6,
        7
      ],
      15.686647402877995
    ],
    [
      [
        4,
        5,
        6
      ],
      3.645674991000432
    ],
    [
      [
        4,
        5,
        7
      ],
      3.472368880640707
    ],
    [
      [
        4,
        6,
        7
      ],
      3.645674991000432
    ],
    [
      [
        5,
        6,
        7
      ],
      3.472368880640707
    ]
  ]
}
