{
  "barcode": [
    [
      3.3158558567335223,
      1.1792387321836073
    ],
    [
      4.2606496198670225,
      1.6187752158258417
    ]
  ],
  "persistence": [
    0.9447937631335002,
    0.4395364836422344
  ],
  "barcodeJL": [
    [
      1.1792387321836046,
      3.315855856733522
    ],
    [
      1.6187752158258508,
      4.2606496198670225
    ]
  ],
  "representatives": [
    [
      4,
      2,
      3,
      1
    ],
    [
      5,
      6,
      7,
      8
    ]
  ],
  "filtration": [
    [
      [
        0
      ],
      0.0
    ],
    [
      [
        1
      ],
      0.0
    ],
    [
      [
        2
      ],
      0.0
    ],
    [
      [
        3
      ],
      0.0
    ],
    [
      [
        4
      ],
      0.0
    ],
    [
      [
        5
      ],
      0.0
    ],
    [
      [
        6
      ],
      0.0
    ],
    [
      [
        7
      ],
      0.0
    ],
    [
      [
        0,
        1
      ],
      1.1506500511597788
    ],
    [
      [
        0,
        2
      ],
      1.6641370373818383
    ],
    [
      [
        0,
        3
      ],
      1.174789912907835
    ],
    [
      [
        0,
        4
      ],
      14.803562333675702
    ],
    [
      [
        0,
        5
      ],
      12.649193858747283
    ],
    [
      [
        0,
        6
      ],
      14.93267808446539
    ],
    [
      [
        0,
        7
      ],
      16.861079487845938
    ],
    [
      [
        1,
        2
      ],
      1.1389533241454635
    ],
    [
      [
        1,
        3
      ],
      1.6187752158258417
    ],
    [
      [
        1,
        4
      ],
      15.609095420563039
    ],
    [
      [
        1,
        5
      ],
      13.29956434843909
    ],
    [
      [
        1,
        6
      ],
      15.466445634013686
    ],
    [
      [
        1,
        7
      ],
      17.5434910179645
    ],
    [
      [
        2,
        3
      ],
      1.1792387321836073
    ],
    [
      [
        2,
        4
      ],
      14.889873237154909
    ],
    [
      [
        2,
        5
      ],
      12.444923729388703
    ],
    [
      [
        2,
        6
      ],
      14.521997870501256
    ],
    [
      [
        2,
        7
      ],
      16.702598204277113
    ],
    [
      [
        3,
        4
      ],
      13.99198597341371
    ],
    [
      [
        3,
        5
      ],
      11.69456334176578
    ],
    [
      [
        3,
        6
      ],
      13.900942044123376
    ],
    [
      [
        3,
        7
      ],
      15.933214339799017
    ],
    [
      [
        4,
        5
      ],
      3.3158558567335223
    ],
    [
      [
        4,
        6
      ],
      4.439234892020132
    ],
    [
      [
        4,
        7
      ],
      3.0247029734202004
    ],
    [
      [
        5,
        6
      ],
      2.777436181664846
    ],
    [
      [
        5,
        7
      ],
      4.2606496198670225
    ],
    [
      [
        6,
        7
      ],
      3.1749593260578943
    ],
    [
      [
        0,
        1,
        2
      ],
      1.6641370373818383
    ],
    [
      [
        0,
        1,
        3
      ],
      1.6187752158258417
    ],
    [
      [
        0,
        1,
        4
      ],
      15.609095420563039
    ],
    [
      [
        0,
        1,
        5
      ],
      13.29956434843909
    ],
    [
      [
        0,
        1,
        6
      ],
      15.466445634013686
    ],
    [
      [
        0,
        1,
        7
      ],
      17.5434910179645
    ],
    [
      [
        0,
        2,
        3
      ],
      1.6641370373818383
    ],
    [
      [
        0,
        2,
        4
      ],
      14.889873237154909
    ],
    [
      [
        0,
        2,
        5
      ],
      12.649193858747283
    ],
    [
      [
        0,
        2,
        6
      ],
      14.93267808446539
    ],
    [
      [
        0,
        2,
        7
      ],
      16.861079487845938
    ],
    [
      [
        0,
        3,
        4
      ],
      14.803562333675702
    ],
    [
      [
        0,
        3,
        5
      ],
      12.649193858747283
    ],
    [
      [
        0,
        3,
        6
      ],
      14.93267808446539
    ],
    [
      [
        0,
        3,
        7
      ],
      16.861079487845938
    ],
    [
      [
        0,
        4,
        5
      ],
      14.803562333675702
    ],
    [
      [
        0,
        4,
        6
      ],
      14.93267808446539
    ],
    [
      [
        0,
        4,
        7
      ],
      16.861079487845938
    ],
    [
      [
        0,
        5,
        6
      ],
      14.93267808446539
    ],
    [
      [
        0,
        5,
        7
      ],
      16.861079487845938
    ],
    [
      [
        0,
        6,
        7
      ],
      16.861079487845938
    ],
    [
      [
        1,
        2,
        3
      ],
      1.6187752158258417
    ],
    [
      [
        1,
        2,
        4
      ],
      15.609095420563039
    ],
    [
      [
        1,
        2,
        5
      ],
      13.29956434843909
    ],
    [
      [
        1,
        2,
        6
      ],
      15.466445634013686
    ],
    [
      [
        1,
        2,
        7
      ],
      17.5434910179645
    ],
    [
      [
        1,
        3,
        4
      ],
      15.609095420563039
    ],
    [
      [
        1,
        3,
        5
      ],
      13.29956434843909
    ],
    [
      [
        1,
        3,
        6
      ],
      15.466445634013686
    ],
    [
      [
        1,
        3,
        7
      ],
      17.5434910179645
    ],
    [
      [
        1,
        4,
        5
      ],
      15.609095420563039
    ],
    [
      [
        1,
        4,
        6
      ],
      15.609095420563039
    ],
    [
      [
        1,
        4,
        7
      ],
      17.5434910179645
    ],
    [
      [
        1,
        5,
        6
      ],
      15.466445634013686
    ],
    [
      [
        1,
        5,
        7
      ],
      17.5434910179645
    ],
    [
      [
        1,
        6,
        7
      ],
      17.5434910179645
    ],
    [
      [
        2,
        3,
        4
      ],
      14.889873237154909
    ],
    [
      [
        2,
        3,
        5
      ],
      12.444923729388703
    ],
    [
      [
        2,
        3,
        6
      ],
      14.521997870501256
    ],
    [
      [
        2,
        3,
        7
      ],
      16.702598204277113
    ],
    [
      [
        2,
        4,
        5
      ],
      14.889873237154909
    ],
    [
      [
        2,
        4,
        6
      ],
      14.889873237154909
    ],
    [
      [
        2,
        4,
        7
      ],
      16.702598204277113
    ],
    [
      [
        2,
        5,
        6
      ],
      14.521997870501256
    ],
    [
      [
        2,
        5,
        7
      ],
      16.702598204277113
    ],
    [
      [
        2,
        6,
        7
      ],
      16.702598204277113
    ],
    [
      [
        3,
        4,
        5
      ],
      13.99198597341371
    ],
    [
      [
        3,
        4,
        6
      ],
      13.99198597341371
    ],
    [
      [
        3,
        4,
        7
      ],
      15.933214339799017
    ],
    [
      [
        3,
        5,
        6
      ],
      13.900942044123376
    ],
    [
      [
        3,
        5,
        7
      ],
      15.933214339799017
    ],
    [
      [
        3,
        6,
        7
      ],
      15.933214339799017
    ],
    [
      [
        4,
        5,
        6
      ],
      4.439234892020132
    ],
    [
      [
        4,
        5,
        7
      ],
      4.2606496198670225
    ],
    [
      [
        4,
        6,
        7
      ],
      4.439234892020132
    ],
    [
      [
        5,
        6,
        7
      ],
      4.2606496198670225
    ]
  ]
}
