{
  "barcode": [
    [
      2.78831783357009,
      0.9448601503296662
    ],
    [
      3.630437107321101,
      1.3297710453570575
    ]
  ],
  "persistence": [
    0.842119273751011,
    0.3849108950273913
  ],
  "barcodeJL": [
    [
      0.9448601503296395,
      2.7883178335700904
    ],
    [
      1.3297710453570355,
      3.630437107321101
    ]
  ],
  "representatives": [
    [
      4,
      2,
      3,
      1
    ],
    [
      5,
      6,
      7,
      8
    ]
  ],
  "filtration": [
    [
      [
        0
      ],
      0.0
    ],
    [
      [
        1
      ],
      0.0
    ],
    [
      [
        2
      ],
      0.0
    ],
    [
      [
        3
      ],
      0.0
    ],
    [
      [
        4
      ],
      0.0
    ],
    [
      [
        5
      ],
      0.0
    ],
    [
      [
        6
      ],
      0.0
    ],
    [
      [
        7
      ],
      0.0
    ],
    [
      [
        0,
        1
      ],
      0.9412505138872433
    ],
    [
      [
        0,
        2
      ],
      1.3346451916782973
    ],
    [
      [
        0,
        3
      ],
      0.9431822950729093
    ],
    [
      [
        0,
        4
      ],
      14.737578991027291
    ],
    [
      [
        0,
        5
      ],
      12.90536184248369
    ],
    [
      [
        0,
        6
      ],
      14.8640809160017
    ],
    [
      [
        0,
        7
      ],
      16.509352548672343
    ],
    [
      [
        1,
        2
      ],
      0.9387733118730001
    ],
    [
      [
        1,
        3
      ],
      1.3297710453570575
    ],
    [
      [
        1,
        4
      ],
      15.403470606711526
    ],
    [
      [
        1,
        5
      ],
      13.4674407210571
    ],
    [
      [
        1,
        6
      ],
      15.342345697184932
    ],
    [
      [
        1,
        7
      ],
      17.08886508907578
    ],
    [
      [
        2,
        3
      ],
      0.9448601503296662
    ],
    [
      [
        2,
        4
      ],
      14.775870021186941
    ],
    [
      [
        2,
        5
      ],
      12.748801803465687
    ],
    [
      [
        2,
        6
      ],
      14.559510805609987
    ],
    [
      [
        2,
        7
      ],
      16.377671952712937
    ],
    [
      [
        3,
        4
      ],
      14.074168931636638
    ],
    [
      [
        3,
        5
      ],
      12.147248889925034
    ],
    [
      [
        3,
        6
      ],
      14.048483287683442
    ],
    [
      [
        3,
        7
      ],
      15.76589656658133
    ],
    [
      [
        4,
        5
      ],
      2.78831783357009
    ],
    [
      [
        4,
        6
      ],
      3.8046511088783164
    ],
    [
      [
        4,
        7
      ],
      2.6059247033855373
    ],
    [
      [
        5,
        6
      ],
      2.4397879996052936
    ],
    [
      [
        5,
        7
      ],
      3.630437107321101
    ],
    [
      [
        6,
        7
      ],
      2.6786811613318227
    ],
    [
      [
        0,
        1,
        2
      ],
      1.3346451916782973
    ],
    [
      [
        0,
        1,
        3
      ],
      1.3297710453570575
    ],
    [
      [
        0,
        1,
        4
      ],
      15.403470606711526
    ],
    [
      [
        0,
        1,
        5
      ],
      13.4674407210571
    ],
    [
      [
        0,
        1,
        6
      ],
      15.342345697184932
    ],
    [
      [
        0,
        1,
        7
      ],
      17.08886508907578
    ],
    [
      [
        0,
        2,
        3
      ],
      1.3346451916782973
    ],
    [
      [
        0,
        2,
        4
      ],
      14.775870021186941
    ],
    [
      [
        0,
        2,
        5
      ],
      12.90536184248369
    ],
    [
      [
        0,
        2,
        6
      ],
      14.8640809160017
    ],
    [
      [
        0,
        2,
        7
      ],
      16.509352548672343
    ],
    [
      [
        0,
        3,
        4
      ],
      14.737578991027291
    ],
    [
      [
        0,
        3,
        5
      ],
      12.90536184248369
    ],
    [
      [
        0,
        3,
        6
      ],
      14.8640809160017
    ],
    [
      [
        0,
        3,
        7
      ],
      16.509352548672343
    ],
    [
      [
        0,
        4,
        5
      ],
      14.737578991027291
    ],
    [
      [
        0,
        4,
        6
      ],
      14.8640809160017
    ],
    [
      [
        0,
        4,
        7
      ],
      16.509352548672343
    ],
    [
      [
        0,
        5,
        6
      ],
      14.8640809160017
    ],
    [
      [
        0,
        5,
        7
      ],
      16.509352548672343
    ],
    [
      [
        0,
        6,
        7
      ],
      16.509352548672343
    ],
    [
      [
        1,
        2,
        3
      ],
      1.3297710453570575
    ],
    [
      [
        1,
        2,
        4
      ],
      15.403470606711526
    ],
    [
      [
        1,
        2,
        5
      ],
      13.4674407210571
    ],
    [
      [
        1,
        2,
        6
      ],
      15.342345697184932
    ],
    [
      [
        1,
        2,
        7
      ],
      17.08886508907578
    ],
    [
      [
        1,
        3,
        4
      ],
      15.403470606711526
    ],
    [
      [
        1,
        3,
        5
      ],
      13.4674407210571
    ],
    [
      [
        1,
        3,
        6
      ],
      15.342345697184932
    ],
    [
      [
        1,
        3,
        7
      ],
      17.08886508907578
    ],
    [
      [
        1,
        4,
        5
      ],
      15.403470606711526
    ],
    [
      [
        1,
        4,
        6
      ],
      15.403470606711526
    ],
    [
      [
        1,
        4,
        7
      ],
      17.08886508907578
    ],
    [
      [
        1,
        5,
        6
      ],
      15.342345697184932
    ],
    [
      [
        1,
        5,
        7
      ],
      17.08886508907578
    ],
    [
      [
        1,
        6,
        7
      ],
      17.08886508907578
    ],
    [
      [
        2,
        3,
        4
      ],
      14.775870021186941
    ],
    [
      [
        2,
        3,
        5
      ],
      12.748801803465687
    ],
    [
      [
        2,
        3,
        6
      ],
      14.559510805609987
    ],
    [
      [
        2,
        3,
        7
      ],
      16.377671952712937
    ],
    [
      [
        2,
        4,
        5
      ],
      14.775870021186941
    ],
    [
      [
        2,
        4,
        6
      ],
      14.775870021186941
    ],
    [
      [
        2,
        4,
        7
      ],
      16.377671952712937
    ],
    [
      [
        2,
        5,
        6
      ],
      14.559510805609987
    ],
    [
      [
        2,
        5,
        7
      ],
      16.377671952712937
    ],
    [
      [
        2,
        6,
        7
      ],
      16.377671952712937
    ],
    [
      [
        3,
        4,
        5
      ],
      14.074168931636638
    ],
    [
      [
        3,
        4,
        6
      ],
      14.074168931636638
    ],
    [
      [
        3,
        4,
        7
      ],
      15.76589656658133
    ],
    [
      [
        3,
        5,
        6
      ],
      14.048483287683442
    ],
    [
      [
        3,
        5,
        7
      ],
      15.76589656658133
    ],
    [
      [
        3,
        6,
        7
      ],
      15.76589656658133
    ],
    [
      [
        4,
        5,
        6
      ],
      3.8046511088783164
    ],
    [
      [
        4,
        5,
        7
      ],
      3.630437107321101
    ],
    [
      [
        4,
        6,
        7
      ],
      3.8046511088783164
    ],
    [
      [
        5,
        6,
        7
      ],
      3.630437107321101
    ]
  ]
}
