{
  "barcode": [
    [
      2.4038458901789026,
      0.9418561140683849
    ],
    [
      3.155726426122201,
      1.3306244904934674
    ]
  ],
  "persistence": [
    0.7518805359432985,
    0.38876837642508255
  ],
  "barcodeJL": [
    [
      0.9418561140683911,
      2.4038458901789026
    ],
    [
      1.3306244904934736,
      3.155726426122201
    ]
  ],
  "representatives": [
    [
      4,
      2,
      3,
      1
    ],
    [
      5,
      6,
      7,
      8
    ]
  ],
  "filtration": [
    [
      [
        0
      ],
      0.0
    ],
    [
      [
        1
      ],
      0.0
    ],
    [
      [
        2
      ],
      0.0
    ],
    [
      [
        3
      ],
      0.0
    ],
    [
      [
        4
      ],
      0.0
    ],
    [
      [
        5
      ],
      0.0
    ],
    [
      [
        6
      ],
      0.0
    ],
    [
      [
        7
      ],
      0.0
    ],
    [
      [
        0,
        1
      ],
      0.9411425192291545
    ],
    [
      [
        0,
        2
      ],
      1.330884239509958
    ],
    [
      [
        0,
        3
      ],
      0.9409081115645668
    ],
    [
      [
        0,
        4
      ],
      14.705755455696318
    ],
    [
      [
        0,
        5
      ],
      13.132365263647214
    ],
    [
      [
        0,
        6
      ],
      14.848003617900488
    ],
    [
      [
        0,
        7
      ],
      16.269738888154844
    ],
    [
      [
        1,
        2
      ],
      0.9400347920736776
    ],
    [
      [
        1,
        3
      ],
      1.3306244904934674
    ],
    [
      [
        1,
        4
      ],
      15.36350495937008
    ],
    [
      [
        1,
        5
      ],
      13.700870721740609
    ],
    [
      [
        1,
        6
      ],
      15.34193491292363
    ],
    [
      [
        1,
        7
      ],
      16.851308051712454
    ],
    [
      [
        2,
        3
      ],
      0.9418561140683849
    ],
    [
      [
        2,
        4
      ],
      14.72193493121872
    ],
    [
      [
        2,
        5
      ],
      12.981698818261652
    ],
    [
      [
        2,
        6
      ],
      14.564673367940182
    ],
    [
      [
        2,
        7
      ],
      16.13697517551074
    ],
    [
      [
        3,
        4
      ],
      14.032962339413372
    ],
    [
      [
        3,
        5
      ],
      12.379010652707588
    ],
    [
      [
        3,
        6
      ],
      14.04224649988961
    ],
    [
      [
        3,
        7
      ],
      15.527489248802782
    ],
    [
      [
        4,
        5
      ],
      2.4038458901789026
    ],
    [
      [
        4,
        6
      ],
      3.3274359754498657
    ],
    [
      [
        4,
        7
      ],
      2.2835311126288595
    ],
    [
      [
        5,
        6
      ],
      2.1648137411486466
    ],
    [
      [
        5,
        7
      ],
      3.155726426122201
    ],
    [
      [
        6,
        7
      ],
      2.3176571662215273
    ],
    [
      [
        0,
        1,
        2
      ],
      1.330884239509958
    ],
    [
      [
        0,
        1,
        3
      ],
      1.3306244904934674
    ],
    [
      [
        0,
        1,
        4
      ],
      15.36350495937008
    ],
    [
      [
        0,
        1,
        5
      ],
      13.700870721740609
    ],
    [
      [
        0,
        1,
        6
      ],
      15.34193491292363
    ],
    [
      [
        0,
        1,
        7
      ],
      16.851308051712454
    ],
    [
      [
        0,
        2,
        3
      ],
      1.330884239509958
    ],
    [
      [
        0,
        2,
        4
      ],
      14.72193493121872
    ],
    [
      [
        0,
        2,
        5
      ],
      13.132365263647214
    ],
    [
      [
        0,
        2,
        6
      ],
      14.848003617900488
    ],
    [
      [
        0,
        2,
        7
      ],
      16.269738888154844
    ],
    [
      [
        0,
        3,
        4
      ],
      14.705755455696318
    ],
    [
      [
        0,
        3,
        5
      ],
      13.132365263647214
    ],
    [
      [
        0,
        3,
        6
      ],
      14.848003617900488
    ],
    [
      [
        0,
        3,
        7
      ],
      16.269738888154844
    ],
    [
      [
        0,
        4,
        5
      ],
      14.705755455696318
    ],
    [
      [
        0,
        4,
        6
      ],
      14.848003617900488
    ],
    [
      [
        0,
        4,
        7
      ],
      16.269738888154844
    ],
    [
      [
        0,
        5,
        6
      ],
      14.848003617900488
    ],
    [
      [
        0,
        5,
        7
      ],
      16.269738888154844
    ],
    [
      [
        0,
        6,
        7
      ],
      16.269738888154844
    ],
    [
      [
        1,
        2,
        3
      ],
      1.3306244904934674
    ],
    [
      [
        1,
        2,
        4
      ],
      15.36350495937008
    ],
    [
      [
        1,
        2,
        5
      ],
      13.700870721740609
    ],
    [
      [
        1,
        2,
        6
      ],
      15.34193491292363
    ],
    [
      [
        1,
        2,
        7
      ],
      16.851308051712454
    ],
    [
      [
        1,
        3,
        4
      ],
      15.36350495937008
    ],
    [
      [
        1,
        3,
        5
      ],
      13.700870721740609
    ],
    [
      [
        1,
        3,
        6
      ],
      15.34193491292363
    ],
    [
      [
        1,
        3,
        7
      ],
      16.851308051712454
    ],
    [
      [
        1,
        4,
        5
      ],
      15.36350495937008
    ],
    [
      [
        1,
        4,
        6
      ],
      15.36350495937008
    ],
    [
      [
        1,
        4,
        7
      ],
      16.851308051712454
    ],
    [
      [
        1,
        5,
        6
      ],
      15.34193491292363
    ],
    [
      [
        1,
        5,
        7
      ],
      16.851308051712454
    ],
    [
      [
        1,
        6,
        7
      ],
      16.851308051712454
    ],
    [
      [
        2,
        3,
        4
      ],
      14.72193493121872
    ],
    [
      [
        2,
        3,
        5
      ],
      12.981698818261652
    ],
    [
      [
        2,
        3,
        6
      ],
      14.564673367940182
    ],
    [
      [
        2,
        3,
        7
      ],
      16.13697517551074
    ],
    [
      [
        2,
        4,
        5
      ],
      14.72193493121872
    ],
    [
      [
        2,
        4,
        6
      ],
      14.72193493121872
    ],
    [
      [
        2,
        4,
        7
      ],
      16.13697517551074
    ],
    [
      [
        2,
        5,
        6
      ],
      14.564673367940182
    ],
    [
      [
        2,
        5,
        7
      ],
      16.13697517551074
    ],
    [
      [
        2,
        6,
        7
      ],
      16.13697517551074
    ],
    [
      [
        3,
        4,
        5
      ],
      14.032962339413372
    ],
    [
      [
        3,
        4,
        6
      ],
      14.04224649988961
    ],
    [
      [
        3,
        4,
        7
      ],
      15.527489248802782
    ],
    [
      [
        3,
        5,
        6
      ],
      14.04224649988961
    ],
    [
      [
        3,
        5,
        7
      ],
      15.527489248802782
    ],
    [
      [
        3,
        6,
        7
      ],
      15.527489248802782
    ],
    [
      [
        4,
        5,
        6
      ],
      3.3274359754498657
    ],
    [
      [
        4,
        5,
        7
      ],
      3.155726426122201
    ],
    [
      [
        4,
        6,
        7
      ],
      3.3274359754498657
    ],
    [
      [
        5,
        6,
        7
      ],
      3.155726426122201
    ]
  ]
}
