{
  "barcode": [
    [
      2.2777746037635067,
      0.9415962649378973
    ],
    [
      2.9971814314762466,
      1.3307010612778511
    ]
  ],
  "persistence": [
    0.7194068277127399,
    0.3891047963399539
  ],
  "barcodeJL": [
    [
      0.9415962649378953,
      2.2777746037635067
    ],
    [
      1.3307010612778616,
      2.9971814314762466
    ]
  ],
  "representatives": [
    [
      4,
      2,
      3,
      1
    ],
    [
      5,
      6,
      7,
      8
    ]
  ],
  "filtration": [
    [
      [
        0
      ],
      0.0
    ],
    [
      [
        1
      ],
      0.0
    ],
    [
      [
        2
      ],
      0.0
    ],
    [
      [
        3
      ],
      0.0
    ],
    [
      [
        4
      ],
      0.0
    ],
    [
      [
        5
      ],
      0.0
    ],
    [
      [
        6
      ],
      0.0
    ],
    [
      [
        7
      ],
      0.0
    ],
    [
      [
        0,
        1
      ],
      0.9411809648749813
    ],
    [
      [
        0,
        2
      ],
      1.3307983234014078
    ],
    [
      [
        0,
        3
      ],
      0.9408306821362699
    ],
    [
      [
        0,
        4
      ],
      14.697268593972487
    ],
    [
      [
        0,
        5
      ],
      13.20913172606012
    ],
    [
      [
        0,
        6
      ],
      14.841820806390231
    ],
    [
      [
        0,
        7
      ],
      16.190108902858622
    ],
    [
      [
        1,
        2
      ],
      0.9403203803656492
    ],
    [
      [
        1,
        3
      ],
      1.3307010612778511
    ],
    [
      [
        1,
        4
      ],
      15.35166262664735
    ],
    [
      [
        1,
        5
      ],
      13.778928682144596
    ],
    [
      [
        1,
        6
      ],
      15.340197026696528
    ],
    [
      [
        1,
        7
      ],
      16.771726590256264
    ],
    [
      [
        2,
        3
      ],
      0.9415962649378973
    ],
    [
      [
        2,
        4
      ],
      14.706161342812814
    ],
    [
      [
        2,
        5
      ],
      13.060101004392578
    ],
    [
      [
        2,
        6
      ],
      14.565413086827231
    ],
    [
      [
        2,
        7
      ],
      16.05702658134282
    ],
    [
      [
        3,
        4
      ],
      14.0209842080303
    ],
    [
      [
        3,
        5
      ],
      12.456770572361563
    ],
    [
      [
        3,
        6
      ],
      14.038871433501946
    ],
    [
      [
        3,
        7
      ],
      15.447834393300344
    ],
    [
      [
        4,
        5
      ],
      2.2777746037635067
    ],
    [
      [
        4,
        6
      ],
      3.1682007259556646
    ],
    [
      [
        4,
        7
      ],
      2.174681686884313
    ],
    [
      [
        5,
        6
      ],
      2.069528388125662
    ],
    [
      [
        5,
        7
      ],
      2.9971814314762466
    ],
    [
      [
        6,
        7
      ],
      2.1992080811328427
    ],
    [
      [
        0,
        1,
        2
      ],
      1.3307983234014078
    ],
    [
      [
        0,
        1,
        3
      ],
      1.3307010612778511
    ],
    [
      [
        0,
        1,
        4
      ],
      15.35166262664735
    ],
    [
      [
        0,
        1,
        5
      ],
      13.778928682144596
    ],
    [
      [
        0,
        1,
        6
      ],
      15.340197026696528
    ],
    [
      [
        0,
        1,
        7
      ],
      16.771726590256264
    ],
    [
      [
        0,
        2,
        3
      ],
      1.3307983234014078
    ],
    [
      [
        0,
        2,
        4
      ],
      14.706161342812814
    ],
    [
      [
        0,
        2,
        5
      ],
      13.20913172606012
    ],
    [
      [
        0,
        2,
        6
      ],
      14.841820806390231
    ],
    [
      [
        0,
        2,
        7
      ],
      16.190108902858622
    ],
    [
      [
        0,
        3,
        4
      ],
      14.697268593972487
    ],
    [
      [
        0,
        3,
        5
      ],
      13.20913172606012
    ],
    [
      [
        0,
        3,
        6
      ],
      14.841820806390231
    ],
    [
      [
        0,
        3,
        7
      ],
      16.190108902858622
    ],
    [
      [
        0,
        4,
        5
      ],
      14.697268593972487
    ],
    [
      [
        0,
        4,
        6
      ],
      14.841820806390231
    ],
    [
      [
        0,
        4,
        7
      ],
      16.190108902858622
    ],
    [
      [
        0,
        5,
        6
      ],
      14.841820806390231
    ],
    [
      [
        0,
        5,
        7
      ],
      16.190108902858622
    ],
    [
      [
        0,
        6,
        7
      ],
      16.190108902858622
    ],
    [
      [
        1,
        2,
        3
      ],
      1.3307010612778511
    ],
    [
      [
        1,
        2,
        4
      ],
      15.35166262664735
    ],
    [
      [
        1,
        2,
        5
      ],
      13.778928682144596
    ],
    [
      [
        1,
        2,
        6
      ],
      15.340197026696528
    ],
    [
      [
        1,
        2,
        7
      ],
      16.771726590256264
    ],
    [
      [
        1,
        3,
        4
      ],
      15.35166262664735
    ],
    [
      [
        1,
        3,
        5
      ],
      13.778928682144596
    ],
    [
      [
        1,
        3,
        6
      ],
      15.340197026696528
    ],
    [
      [
        1,
        3,
        7
      ],
      16.771726590256264
    ],
    [
      [
        1,
        4,
        5
      ],
      15.35166262664735
    ],
    [
      [
        1,
        4,
        6
      ],
      15.35166262664735
    ],
    [
      [
        1,
        4,
        7
      ],
      16.771726590256264
    ],
    [
      [
        1,
        5,
        6
      ],
      15.340197026696528
    ],
    [
      [
        1,
        5,
        7
      ],
      16.771726590256264
    ],
    [
      [
        1,
        6,
        7
      ],
      16.771726590256264
    ],
    [
      [
        2,
        3,
        4
      ],
      14.706161342812814
    ],
    [
      [
        2,
        3,
        5
      ],
      13.060101004392578
    ],
    [
      [
        2,
        3,
        6
      ],
      14.565413086827231
    ],
    [
      [
        2,
        3,
        7
      ],
      16.05702658134282
    ],
    [
      [
        2,
        4,
        5
      ],
      14.706161342812814
    ],
    [
      [
        2,
        4,
        6
      ],
      14.706161342812814
    ],
    [
      [
        2,
        4,
        7
      ],
      16.05702658134282
    ],
    [
      [
        2,
        5,
        6
      ],
      14.565413086827231
    ],
    [
      [
        2,
        5,
        7
      ],
      16.05702658134282
    ],
    [
      [
        2,
        6,
        7
      ],
      16.05702658134282
    ],
    [
      [
        3,
        4,
        5
      ],
      14.0209842080303
    ],
    [
      [
        3,
        4,
        6
      ],
      14.038871433501946
    ],
    [
      [
        3,
        4,
        7
      ],
      15.447834393300344
    ],
    [
      [
        3,
        5,
        6
      ],
      14.038871433501946
    ],
    [
      [
        3,
        5,
        7
      ],
      15.447834393300344
    ],
    [
      [
        3,
        6,
        7
      ],
      15.447834393300344
    ],
    [
      [
        4,
        5,
        6
      ],
      3.1682007259556646
    ],
    [
      [
        4,
        5,
        7
      ],
      2.9971814314762466
    ],
    [
      [
        4,
        6,
        7
      ],
      3.1682007259556646
    ],
    [
      [
        5,
        6,
        7
      ],
      2.9971814314762466
    ]
  ]
}
