{
  "barcode": [
    [
      2.530951048884391,
      0.9422712349047905
    ],
    [
      3.3141269389149834,
      1.3304437598106136
    ]
  ],
  "persistence": [
    0.7831758900305923,
    0.3881725249058231
  ],
  "barcodeJL": [
    [
      0.942271234904757,
      2.5309510488843907
    ],
    [
      1.330443759810605,
      3.314126938914984
    ]
  ],
  "representatives": [
    [
      4,
      2,
      3,
      1
    ],
    [
      5,
      6,
      7,
      8
    ]
  ],
  "filtration": [
    [
      [
        0
      ],
      0.0
    ],
    [
      [
        1
      ],
      0.0
    ],
    [
      [
        2
      ],
      0.0
    ],
    [
      [
        3
      ],
      0.0
    ],
    [
      [
        4
      ],
      0.0
    ],
    [
      [
        5
      ],
      0.0
    ],
    [
      [
        6
      ],
      0.0
    ],
    [
      [
        7
      ],
      0.0
    ],
    [
      [
        0,
        1
      ],
      0.9410468750482093
    ],
    [
      [
        0,
        2
      ],
      1.3311345011410374
    ],
    [
      [
        0,
        3
      ],
      0.9411104804479657
    ],
    [
      [
        0,
        4
      ],
      14.715248367874667
    ],
    [
      [
        0,
        5
      ],
      13.056046088123733
    ],
    [
      [
        0,
        6
      ],
      14.85371401177598
    ],
    [
      [
        0,
        7
      ],
      16.34941990686107
    ],
    [
      [
        1,
        2
      ],
      0.9396117112116049
    ],
    [
      [
        1,
        3
      ],
      1.3304437598106136
    ],
    [
      [
        1,
        4
      ],
      15.376125525521505
    ],
    [
      [
        1,
        5
      ],
      13.622963611085549
    ],
    [
      [
        1,
        6
      ],
      15.342959831063041
    ],
    [
      [
        1,
        7
      ],
      16.930741408885645
    ],
    [
      [
        2,
        3
      ],
      0.9422712349047905
    ],
    [
      [
        2,
        4
      ],
      14.738735772405109
    ],
    [
      [
        2,
        5
      ],
      12.903623859762615
    ],
    [
      [
        2,
        6
      ],
      14.563470595992632
    ],
    [
      [
        2,
        7
      ],
      16.217027097357917
    ],
    [
      [
        3,
        4
      ],
      14.045858695807993
    ],
    [
      [
        3,
        5
      ],
      12.301528844224771
    ],
    [
      [
        3,
        6
      ],
      14.045059044011492
    ],
    [
      [
        3,
        7
      ],
      15.607100550425246
    ],
    [
      [
        4,
        5
      ],
      2.530951048884391
    ],
    [
      [
        4,
        6
      ],
      3.4865976542721415
    ],
    [
      [
        4,
        7
      ],
      2.3917140712210982
    ],
    [
      [
        5,
        6
      ],
      2.2583488597913743
    ],
    [
      [
        5,
        7
      ],
      3.3141269389149834
    ],
    [
      [
        6,
        7
      ],
      2.4370197695827174
    ],
    [
      [
        0,
        1,
        2
      ],
      1.3311345011410374
    ],
    [
      [
        0,
        1,
        3
      ],
      1.3304437598106136
    ],
    [
      [
        0,
        1,
        4
      ],
      15.376125525521505
    ],
    [
      [
        0,
        1,
        5
      ],
      13.622963611085549
    ],
    [
      [
        0,
        1,
        6
      ],
      15.342959831063041
    ],
    [
      [
        0,
        1,
        7
      ],
      16.930741408885645
    ],
    [
      [
        0,
        2,
        3
      ],
      1.3311345011410374
    ],
    [
      [
        0,
        2,
        4
      ],
      14.738735772405109
    ],
    [
      [
        0,
        2,
        5
      ],
      13.056046088123733
    ],
    [
      [
        0,
        2,
        6
      ],
      14.85371401177598
    ],
    [
      [
        0,
        2,
        7
      ],
      16.34941990686107
    ],
    [
      [
        0,
        3,
        4
      ],
      14.715248367874667
    ],
    [
      [
        0,
        3,
        5
      ],
      13.056046088123733
    ],
    [
      [
        0,
        3,
        6
      ],
      14.85371401177598
    ],
    [
      [
        0,
        3,
        7
      ],
      16.34941990686107
    ],
    [
      [
        0,
        4,
        5
      ],
      14.715248367874667
    ],
    [
      [
        0,
        4,
        6
      ],
      14.85371401177598
    ],
    [
      [
        0,
        4,
        7
      ],
      16.34941990686107
    ],
    [
      [
        0,
        5,
        6
      ],
      14.85371401177598
    ],
    [
      [
        0,
        5,
        7
      ],
      16.34941990686107
    ],
    [
      [
        0,
        6,
        7
      ],
      16.34941990686107
    ],
    [
      [
        1,
        2,
        3
      ],
      1.3304437598106136
    ],
    [
      [
        1,
        2,
        4
      ],
      15.376125525521505
    ],
    [
      [
        1,
        2,
        5
      ],
      13.622963611085549
    ],
    [
      [
        1,
        2,
        6
      ],
      15.342959831063041
    ],
    [
      [
        1,
        2,
        7
      ],
      16.930741408885645
    ],
    [
      [
        1,
        3,
        4
      ],
      15.376125525521505
    ],
    [
      [
        1,
        3,
        5
      ],
      13.622963611085549
    ],
    [
      [
        1,
        3,
        6
      ],
      15.342959831063041
    ],
    [
      [
        1,
        3,
        7
      ],
      16.930741408885645
    ],
    [
      [
        1,
        4,
        5
      ],
      15.376125525521505
    ],
    [
      [
        1,
        4,
        6
      ],
      15.376125525521505
    ],
    [
      [
        1,
        4,
        7
      ],
      16.930741408885645
    ],
    [
      [
        1,
        5,
        6
      ],
      15.342959831063041
    ],
    [
      [
        1,
        5,
        7
      ],
      16.930741408885645
    ],
    [
      [
        1,
        6,
        7
      ],
      16.930741408885645
    ],
    [
      [
        2,
        3,
        4
      ],
      14.738735772405109
    ],
    [
      [
        2,
        3,
        5
      ],
      12.903623859762615
    ],
    [
      [
        2,
        3,
        6
      ],
      14.563470595992632
    ],
    [
      [
        2,
        3,
        7
      ],
      16.217027097357917
    ],
    [
      [
        2,
        4,
        5
      ],
      14.738735772405109
    ],
    [
      [
        2,
        4,
        6
      ],
      14.738735772405109
    ],
    [
      [
        2,
        4,
        7
      ],
      16.217027097357917
    ],
    [
      [
        2,
        5,
        6
      ],
      14.563470595992632
    ],
    [
      [
        2,
        5,
        7
      ],
      16.217027097357917
    ],
    [
      [
        2,
        6,
        7
      ],
      16.217027097357917
    ],
    [
      [
        3,
        4,
        5
      ],
      14.045858695807993
    ],
    [
      [
        3,
        4,
        6
      ],
      14.045858695807993
    ],
    [
      [
        3,
        4,
        7
      ],
      15.607100550425246
    ],
    [
      [
        3,
        5,
        6
      ],
      14.045059044011492
    ],
    [
      [
        3,
        5,
        7
      ],
      15.607100550425246
    ],
    [
      [
        3,
        6,
        7
      ],
      15.607100550425246
    ],
    [
      [
        4,
        5,
        6
      ],
      3.4865976542721415
    ],
    [
      [
        4,
        5,
        7
      ],
      3.3141269389149834
    ],
    [
      [
        4,
        6,
        7
      ],
      3.4865976542721415
    ],
    [
      [
        5,
        6,
        7
      ],
      3.3141269389149834
    ]
  ]
}
