{
  "barcode": [
    [
      2.9185973987417317,
      0.9512754138213605
    ],
    [
      3.7883144508938273,
      1.3328025007622097
    ]
  ],
  "persistence": [
    0.8697170521520956,
    0.38152708694084925
  ],
  "barcodeJL": [
    [
      0.9512754138213295,
      2.9185973987417317
    ],
    [
      1.3328025007622195,
      3.788314450893828
    ]
  ],
  "representatives": [
    [
      4,
      2,
      3,
      1
    ],
    [
      5,
      6,
      7,
      8
    ]
  ],
  "filtration": [
    [
      [
        0
      ],
      0.0
    ],
    [
      [
        1
      ],
      0.0
    ],
    [
      [
        2
      ],
      0.0
    ],
    [
      [
        3
      ],
      0.0
    ],
    [
      [
        4
      ],
      0.0
    ],
    [
      [
        5
      ],
      0.0
    ],
    [
      [
        6
      ],
      0.0
    ],
    [
      [
        7
      ],
      0.0
    ],
    [
      [
        0,
        1
      ],
      0.9450642700716171
    ],
    [
      [
        0,
        2
      ],
      1.3452339499020238
    ],
    [
      [
        0,
        3
      ],
      0.9493141001870787
    ],
    [
      [
        0,
        4
      ],
      14.750736807158956
    ],
    [
      [
        0,
        5
      ],
      12.831978058171625
    ],
    [
      [
        0,
        6
      ],
      14.869912519253669
    ],
    [
      [
        0,
        7
      ],
      16.590375411215895
    ],
    [
      [
        1,
        2
      ],
      0.941724641708498
    ],
    [
      [
        1,
        3
      ],
      1.3328025007622097
    ],
    [
      [
        1,
        4
      ],
      15.419684608953386
    ],
    [
      [
        1,
        5
      ],
      13.391346149112195
    ],
    [
      [
        1,
        6
      ],
      15.342003724504403
    ],
    [
      [
        1,
        7
      ],
      17.169004057373304
    ],
    [
      [
        2,
        3
      ],
      0.9512754138213605
    ],
    [
      [
        2,
        4
      ],
      14.796834319441812
    ],
    [
      [
        2,
        5
      ],
      12.67218338642576
    ],
    [
      [
        2,
        6
      ],
      14.556231236006868
    ],
    [
      [
        2,
        7
      ],
      16.45835976821597
    ],
    [
      [
        3,
        4
      ],
      14.08754702320805
    ],
    [
      [
        3,
        5
      ],
      12.068482942342836
    ],
    [
      [
        3,
        6
      ],
      14.046979600773293
    ],
    [
      [
        3,
        7
      ],
      15.843027934875423
    ],
    [
      [
        4,
        5
      ],
      2.9185973987417317
    ],
    [
      [
        4,
        6
      ],
      3.963513610035545
    ],
    [
      [
        4,
        7
      ],
      2.7118763106803008
    ],
    [
      [
        5,
        6
      ],
      2.527495609651775
    ],
    [
      [
        5,
        7
      ],
      3.7883144508938273
    ],
    [
      [
        6,
        7
      ],
      2.801073501572924
    ],
    [
      [
        0,
        1,
        2
      ],
      1.3452339499020238
    ],
    [
      [
        0,
        1,
        3
      ],
      1.3328025007622097
    ],
    [
      [
        0,
        1,
        4
      ],
      15.419684608953386
    ],
    [
      [
        0,
        1,
        5
      ],
      13.391346149112195
    ],
    [
      [
        0,
        1,
        6
      ],
      15.342003724504403
    ],
    [
      [
        0,
        1,
        7
      ],
      17.169004057373304
    ],
    [
      [
        0,
        2,
        3
      ],
      1.3452339499020238
    ],
    [
      [
        0,
        2,
        4
      ],
      14.796834319441812
    ],
    [
      [
        0,
        2,
        5
      ],
      12.831978058171625
    ],
    [
      [
        0,
        2,
        6
      ],
      14.869912519253669
    ],
    [
      [
        0,
        2,
        7
      ],
      16.590375411215895
    ],
    [
      [
        0,
        3,
        4
      ],
      14.750736807158956
    ],
    [
      [
        0,
        3,
        5
      ],
      12.831978058171625
    ],
    [
      [
        0,
        3,
        6
      ],
      14.869912519253669
    ],
    [
      [
        0,
        3,
        7
      ],
      16.590375411215895
    ],
    [
      [
        0,
        4,
        5
      ],
      14.750736807158956
    ],
    [
      [
        0,
        4,
        6
      ],
      14.869912519253669
    ],
    [
      [
        0,
        4,
        7
      ],
      16.590375411215895
    ],
    [
      [
        0,
        5,
        6
      ],
      14.869912519253669
    ],
    [
      [
        0,
        5,
        7
      ],
      16.590375411215895
    ],
    [
      [
        0,
        6,
        7
      ],
      16.590375411215895
    ],
    [
      [
        1,
        2,
        3
      ],
      1.3328025007622097
    ],
    [
      [
        1,
        2,
        4
      ],
      15.419684608953386
    ],
    [
      [
        1,
        2,
        5
      ],
      13.391346149112195
    ],
    [
      [
        1,
        2,
        6
      ],
      15.342003724504403
    ],
    [
      [
        1,
        2,
        7
      ],
      17.169004057373304
    ],
    [
      [
        1,
        3,
        4
      ],
      15.419684608953386
    ],
    [
      [
        1,
        3,
        5
      ],
      13.391346149112195
    ],
    [
      [
        1,
        3,
        6
      ],
      15.342003724504403
    ],
    [
      [
        1,
        3,
        7
      ],
      17.169004057373304
    ],
    [
      [
        1,
        4,
        5
      ],
      15.419684608953386
    ],
    [
      [
        1,
        4,
        6
      ],
      15.419684608953386
    ],
    [
      [
        1,
        4,
        7
      ],
      17.169004057373304
    ],
    [
      [
        1,
        5,
        6
      ],
      15.342003724504403
    ],
    [
      [
        1,
        5,
        7
      ],
      17.169004057373304
    ],
    [
      [
        1,
        6,
        7
      ],
      17.169004057373304
    ],
    [
      [
        2,
        3,
        4
      ],
      14.796834319441812
    ],
    [
      [
        2,
        3,
        5
      ],
      12.67218338642576
    ],
    [
      [
        2,
        3,
        6
      ],
      14.556231236006868
    ],
    [
      [
        2,
        3,
        7
      ],
      16.45835976821597
    ],
    [
      [
        2,
        4,
        5
      ],
      14.796834319441812
    ],
    [
      [
        2,
        4,
        6
      ],
      14.796834319441812
    ],
    [
      [
        2,
        4,
        7
      ],
      16.45835976821597
    ],
    [
      [
        2,
        5,
        6
      ],
      14.556231236006868
    ],
    [
      [
        2,
        5,
        7
      ],
      16.45835976821597
    ],
    [
      [
        2,
        6,
        7
      ],
      16.45835976821597
    ],
    [
      [
        3,
        4,
        5
      ],
      14.08754702320805
    ],
    [
      [
        3,
        4,
        6
      ],
      14.08754702320805
    ],
    [
      [
        3,
        4,
        7
      ],
      15.843027934875423
    ],
    [
      [
        3,
        5,
        6
      ],
      14.046979600773293
    ],
    [
      [
        3,
        5,
        7
      ],
      15.843027934875423
    ],
    [
      [
        3,
        6,
        7
      ],
      15.843027934875423
    ],
    [
      [
        4,
        5,
        6
      ],
      3.963513610035545
    ],
    [
      [
        4,
        5,
        7
      ],
      3.7883144508938273
    ],
    [
      [
        4,
        6,
        7
      ],
      3.963513610035545
    ],
    [
      [
        5,
        6,
        7
      ],
      3.7883144508938273
    ]
  ]
}
