{
  "barcode": [
    [
      3.450406287681206,
      1.2967891682983783
    ],
    [
      4.417605962162537,
      1.7782940164891183
    ]
  ],
  "persistence": [
    0.9671996744813312,
    0.48150484819074
  ],
  "barcodeJL": [
    [
      1.296789168298367,
      3.450406287681206
    ],
    [
      1.7782940164891297,
      4.417605962162537
    ]
  ],
  "representatives": [
    [
      4,
      2,
      3,
      1
    ],
    [
      5,
      6,
      7,
      8
    ]
  ],
  "filtration": [
    [
      [
        0
      ],
      0.0
    ],
    [
      [
        1
      ],
      0.0
    ],
    [
      [
        2
      ],
      0.0
    ],
    [
      [
        3
      ],
      0.0
    ],
    [
      [
        4
      ],
      0.0
    ],
    [
      [
        5
      ],
      0.0
    ],
    [
      [
        6
      ],
      0.0
    ],
    [
      [
        7
      ],
      0.0
    ],
    [
      [
        0,
        1
      ],
      1.2618195705523818
    ],
    [
      [
        0,
        2
      ],
      1.8233044994635423
    ],
    [
      [
        0,
        3
      ],
      1.2901698542393558
    ],
    [
      [
        0,
        4
      ],
      14.823530125906379
    ],
    [
      [
        0,
        5
      ],
      12.596600435737969
    ],
    [
      [
        0,
        6
      ],
      14.96222648558967
    ],
    [
      [
        0,
        7
      ],
      16.956294137545207
    ],
    [
      [
        1,
        2
      ],
      1.245658334967097
    ],
    [
      [
        1,
        3
      ],
      1.7782940164891183
    ],
    [
      [
        1,
        4
      ],
      15.708370906049964
    ],
    [
      [
        1,
        5
      ],
      13.30384315973219
    ],
    [
      [
        1,
        6
      ],
      15.538843627347758
    ],
    [
      [
        1,
        7
      ],
      17.702273814340714
    ],
    [
      [
        2,
        3
      ],
      1.2967891682983783
    ],
    [
      [
        2,
        4
      ],
      14.929190124441112
    ],
    [
      [
        2,
        5
      ],
      12.370523441364556
    ],
    [
      [
        2,
        6
      ],
      14.504648986732118
    ],
    [
      [
        2,
        7
      ],
      16.78508639517396
    ],
    [
      [
        3,
        4
      ],
      13.932265489773371
    ],
    [
      [
        3,
        5
      ],
      11.541467104531641
    ],
    [
      [
        3,
        6
      ],
      13.822052428010286
    ],
    [
      [
        3,
        7
      ],
      15.933436901074481
    ],
    [
      [
        4,
        5
      ],
      3.450406287681206
    ],
    [
      [
        4,
        6
      ],
      4.597458693121995
    ],
    [
      [
        4,
        7
      ],
      3.127202222368103
    ],
    [
      [
        5,
        6
      ],
      2.8560504838341
    ],
    [
      [
        5,
        7
      ],
      4.417605962162537
    ],
    [
      [
        6,
        7
      ],
      3.301923959396249
    ],
    [
      [
        0,
        1,
        2
      ],
      1.8233044994635423
    ],
    [
      [
        0,
        1,
        3
      ],
      1.7782940164891183
    ],
    [
      [
        0,
        1,
        4
      ],
      15.708370906049964
    ],
    [
      [
        0,
        1,
        5
      ],
      13.30384315973219
    ],
    [
      [
        0,
        1,
        6
      ],
      15.538843627347758
    ],
    [
      [
        0,
        1,
        7
      ],
      17.702273814340714
    ],
    [
      [
        0,
        2,
        3
      ],
      1.8233044994635423
    ],
    [
      [
        0,
        2,
        4
      ],
      14.929190124441112
    ],
    [
      [
        0,
        2,
        5
      ],
      12.596600435737969
    ],
    [
      [
        0,
        2,
        6
      ],
      14.96222648558967
    ],
    [
      [
        0,
        2,
        7
      ],
      16.956294137545207
    ],
    [
      [
        0,
        3,
        4
      ],
      14.823530125906379
    ],
    [
      [
        0,
        3,
        5
      ],
      12.596600435737969
    ],
    [
      [
        0,
        3,
        6
      ],
      14.96222648558967
    ],
    [
      [
        0,
        3,
        7
      ],
      16.956294137545207
    ],
    [
      [
        0,
        4,
        5
      ],
      14.823530125906379
    ],
    [
      [
        0,
        4,
        6
      ],
      14.96222648558967
    ],
    [
      [
        0,
        4,
        7
      ],
      16.956294137545207
    ],
    [
      [
        0,
        5,
        6
      ],
      14.96222648558967
    ],
    [
      [
        0,
        5,
        7
      ],
      16.956294137545207
    ],
    [
      [
        0,
        6,
        7
      ],
      16.956294137545207
    ],
    [
      [
        1,
        2,
        3
      ],
      1.7782940164891183
    ],
    [
      [
        1,
        2,
        4
      ],
      15.708370906049964
    ],
    [
      [
        1,
        2,
        5
      ],
      13.30384315973219
    ],
    [
      [
        1,
        2,
        6
      ],
      15.538843627347758
    ],
    [
      [
        1,
        2,
        7
      ],
      17.702273814340714
    ],
    [
      [
        1,
        3,
        4
      ],
      15.708370906049964
    ],
    [
      [
        1,
        3,
        5
      ],
      13.30384315973219
    ],
    [
      [
        1,
        3,
        6
      ],
      15.538843627347758
    ],
    [
      [
        1,
        3,
        7
      ],
      17.702273814340714
    ],
    [
      [
        1,
        4,
        5
      ],
      15.708370906049964
    ],
    [
      [
        1,
        4,
        6
      ],
      15.708370906049964
    ],
    [
      [
        1,
        4,
        7
      ],
      17.702273814340714
    ],
    [
      [
        1,
        5,
        6
      ],
      15.538843627347758
    ],
    [
      [
        1,
        5,
        7
      ],
      17.702273814340714
    ],
    [
      [
        1,
        6,
        7
      ],
      17.702273814340714
    ],
    [
      [
        2,
        3,
        4
      ],
      14.929190124441112
    ],
    [
      [
        2,
        3,
        5
      ],
      12.370523441364556
    ],
    [
      [
        2,
        3,
        6
      ],
      14.504648986732118
    ],
    [
      [
        2,
        3,
        7
      ],
      16.78508639517396
    ],
    [
      [
        2,
        4,
        5
      ],
      14.929190124441112
    ],
    [
      [
        2,
        4,
        6
      ],
      14.929190124441112
    ],
    [
      [
        2,
        4,
        7
      ],
      16.78508639517396
    ],
    [
      [
        2,
        5,
        6
      ],
      14.504648986732118
    ],
    [
      [
        2,
        5,
        7
      ],
      16.78508639517396
    ],
    [
      [
        2,
        6,
        7
      ],
      16.78508639517396
    ],
    [
      [
        3,
        4,
        5
      ],
      13.932265489773371
    ],
    [
      [
        3,
        4,
        6
      ],
      13.932265489773371
    ],
    [
      [
        3,
        4,
        7
      ],
      15.933436901074481
    ],
    [
      [
        3,
        5,
        6
      ],
      13.822052428010286
    ],
    [
      [
        3,
        5,
        7
      ],
      15.933436901074481
    ],
    [
      [
        3,
        6,
        7
      ],
      15.933436901074481
    ],
    [
      [
        4,
        5,
        6
      ],
      4.597458693121995
    ],
    [
      [
        4,
        5,
        7
      ],
      4.417605962162537
    ],
    [
      [
        4,
        6,
        7
      ],
      4.597458693121995
    ],
    [
      [
        5,
        6,
        7
      ],
      4.417605962162537
    ]
  ]
}
