{
  "barcode": [
    [
      4.706408879315736,
      2.381697651376849
    ],
    [
      5.816154304794965,
      3.213373356480537
    ]
  ],
  "persistence": [
    1.109745425479229,
    0.831675705103688
  ],
  "barcodeJL": [
    [
      2.381697651376849,
      4.7064088793157355
    ],
    [
      3.2133733564805325,
      5.816154304794965
    ]
  ],
  "representatives": [
    [
      4,
      2,
      3,
      1
    ],
    [
      5,
      6,
      7,
      8
    ]
  ],
  "filtration": [
    [
      [
        0
      ],
      0.0
    ],
    [
      [
        1
      ],
      0.0
    ],
    [
      [
        2
      ],
      0.0
    ],
    [
      [
        3
      ],
      0.0
    ],
    [
      [
        4
      ],
      0.0
    ],
    [
      [
        5
      ],
      0.0
    ],
    [
      [
        6
      ],
      0.0
    ],
    [
      [
        7
      ],
      0.0
    ],
    [
      [
        0,
        1
      ],
      2.2734390665590745
    ],
    [
      [
        0,
        2
      ],
      3.2522871554486072
    ],
    [
      [
        0,
        3
      ],
      2.326240870737593
    ],
    [
      [
        0,
        4
      ],
      15.034394427025154
    ],
    [
      [
        0,
        5
      ],
      12.209538722320389
    ],
    [
      [
        0,
        6
      ],
      15.234233009684896
    ],
    [
      [
        0,
        7
      ],
      17.824171650621803
    ],
    [
      [
        1,
        2
      ],
      2.1653618412581754
    ],
    [
      [
        1,
        3
      ],
      3.213373356480537
    ],
    [
      [
        1,
        4
      ],
      16.643759475271143
    ],
    [
      [
        1,
        5
      ],
      13.366878783522576
    ],
    [
      [
        1,
        6
      ],
      16.12510579521964
    ],
    [
      [
        1,
        7
      ],
      19.12656460276411
    ],
    [
      [
        2,
        3
      ],
      2.381697651376849
    ],
    [
      [
        2,
        4
      ],
      15.408432651943707
    ],
    [
      [
        2,
        5
      ],
      11.765677724958005
    ],
    [
      [
        2,
        6
      ],
      14.313333659667304
    ],
    [
      [
        2,
        7
      ],
      17.57682993064284
    ],
    [
      [
        3,
        4
      ],
      13.441392309385403
    ],
    [
      [
        3,
        5
      ],
      10.202543662386994
    ],
    [
      [
        3,
        6
      ],
      13.081811319493223
    ],
    [
      [
        3,
        7
      ],
      15.93326245414435
    ],
    [
      [
        4,
        5
      ],
      4.706408879315736
    ],
    [
      [
        4,
        6
      ],
      6.009536747271956
    ],
    [
      [
        4,
        7
      ],
      4.005622379331707
    ],
    [
      [
        5,
        6
      ],
      3.443645536538568
    ],
    [
      [
        5,
        7
      ],
      5.816154304794965
    ],
    [
      [
        6,
        7
      ],
      4.49889078495522
    ],
    [
      [
        0,
        1,
        2
      ],
      3.2522871554486072
    ],
    [
      [
        0,
        1,
        3
      ],
      3.213373356480537
    ],
    [
      [
        0,
        1,
        4
      ],
      16.643759475271143
    ],
    [
      [
        0,
        1,
        5
      ],
      13.366878783522576
    ],
    [
      [
        0,
        1,
        6
      ],
      16.12510579521964
    ],
    [
      [
        0,
        1,
        7
      ],
      19.12656460276411
    ],
    [
      [
        0,
        2,
        3
      ],
      3.2522871554486072
    ],
    [
      [
        0,
        2,
        4
      ],
      15.408432651943707
    ],
    [
      [
        0,
        2,
        5
      ],
      12.209538722320389
    ],
    [
      [
        0,
        2,
        6
      ],
      15.234233009684896
    ],
    [
      [
        0,
        2,
        7
      ],
      17.824171650621803
    ],
    [
      [
        0,
        3,
        4
      ],
      15.034394427025154
    ],
    [
      [
        0,
        3,
        5
      ],
      12.209538722320389
    ],
    [
      [
        0,
        3,
        6
      ],
      15.234233009684896
    ],
    [
      [
        0,
        3,
        7
      ],
      17.824171650621803
    ],
    [
      [
        0,
        4,
        5
      ],
      15.034394427025154
    ],
    [
      [
        0,
        4,
        6
      ],
      15.234233009684896
    ],
    [
      [
        0,
        4,
        7
      ],
      17.824171650621803
    ],
    [
      [
        0,
        5,
        6
      ],
      15.234233009684896
    ],
    [
      [
        0,
        5,
        7
      ],
      17.824171650621803
    ],
    [
      [
        0,
        6,
        7
      ],
      17.824171650621803
    ],
    [
      [
        1,
        2,
        3
      ],
      3.213373356480537
    ],
    [
      [
        1,
        2,
        4
      ],
      16.643759475271143
    ],
    [
      [
        1,
        2,
        5
      ],
      13.366878783522576
    ],
    [
      [
        1,
        2,
        6
      ],
      16.12510579521964
    ],
    [
      [
        1,
        2,
        7
      ],
      19.12656460276411
    ],
    [
      [
        1,
        3,
        4
      ],
      16.643759475271143
    ],
    [
      [
        1,
        3,
        5
      ],
      13.366878783522576
    ],
    [
      [
        1,
        3,
        6
      ],
      16.12510579521964
    ],
    [
      [
        1,
        3,
        7
      ],
      19.12656460276411
    ],
    [
      [
        1,
        4,
        5
      ],
      16.643759475271143
    ],
    [
      [
        1,
        4,
        6
      ],
      16.643759475271143
    ],
    [
      [
        1,
        4,
        7
      ],
      19.12656460276411
    ],
    [
      [
        1,
        5,
        6
      ],
      16.12510579521964
    ],
    [
      [
        1,
        5,
        7
      ],
      19.12656460276411
    ],
    [
      [
        1,
        6,
        7
      ],
      19.12656460276411
    ],
    [
      [
        2,
        3,
        4
      ],
      15.408432651943707
    ],
    [
      [
        2,
        3,
        5
      ],
      11.765677724958005
    ],
    [
      [
        2,
        3,
        6
      ],
      14.313333659667304
    ],
    [
      [
        2,
        3,
        7
      ],
      17.57682993064284
    ],
    [
      [
        2,
        4,
        5
      ],
      15.408432651943707
    ],
    [
      [
        2,
        4,
        6
      ],
      15.408432651943707
    ],
    [
      [
        2,
        4,
        7
      ],
      17.57682993064284
    ],
    [
      [
        2,
        5,
        6
      ],
      14.313333659667304
    ],
    [
      [
        2,
        5,
        7
      ],
      17.57682993064284
    ],
    [
      [
        2,
        6,
        7
      ],
      17.57682993064284
    ],
    [
      [
        3,
        4,
        5
      ],
      13.441392309385403
    ],
    [
      [
        3,
        4,
        6
      ],
      13.441392309385403
    ],
    [
      [
        3,
        4,
        7
      ],
      15.93326245414435
    ],
    [
      [
        3,
        5,
        6
      ],
      13.081811319493223
    ],
    [
      [
        3,
        5,
        7
      ],
      15.93326245414435
    ],
    [
      [
        3,
        6,
        7
      ],
      15.93326245414435
    ],
    [
      [
        4,
        5,
        6
      ],
      6.009536747271956
    ],
    [
      [
        4,
        5,
        7
      ],
      5.816154304794965
    ],
    [
      [
        4,
        6,
        7
      ],
      6.009536747271956
    ],
    [
      [
        5,
        6,
        7
      ],
      5.816154304794965
    ]
  ]
}
