{
  "barcode": [
    [
      2.1527202751841683,
      0.9414236880523033
    ],
    [
      2.8385040638168904,
      1.3307293667470488
    ]
  ],
  "persistence": [
    0.685783788632722,
    0.3893056786947455
  ],
  "barcodeJL": [
    [
      0.9414236880522916,
      2.1527202751841683
    ],
    [
      1.3307293667470543,
      2.8385040638168904
    ]
  ],
  "representatives": [
    [
      4,
      2,
      3,
      1
    ],
    [
      5,
      6,
      7,
      8
    ]
  ],
  "filtration": [
    [
      [
        0
      ],
      0.0
    ],
    [
      [
        1
      ],
      0.0
    ],
    [
      [
        2
      ],
      0.0
    ],
    [
      [
        3
      ],
      0.0
    ],
    [
      [
        4
      ],
      0.0
    ],
    [
      [
        5
      ],
      0.0
    ],
    [
      [
        6
      ],
      0.0
    ],
    [
      [
        7
      ],
      0.0
    ],
    [
      [
        0,
        1
      ],
      0.9411827643948868
    ],
    [
      [
        0,
        2
      ],
      1.3307670971695236
    ],
    [
      [
        0,
        3
      ],
      0.9408071008623389
    ],
    [
      [
        0,
        4
      ],
      14.689740145505265
    ],
    [
      [
        0,
        5
      ],
      13.286271186146248
    ],
    [
      [
        0,
        6
      ],
      14.835181573133713
    ],
    [
      [
        0,
        7
      ],
      16.110492543898992
    ],
    [
      [
        1,
        2
      ],
      0.9405106607077885
    ],
    [
      [
        1,
        3
      ],
      1.3307293667470488
    ],
    [
      [
        1,
        4
      ],
      15.340649035081828
    ],
    [
      [
        1,
        5
      ],
      13.857173213431304
    ],
    [
      [
        1,
        6
      ],
      15.337873920818687
    ],
    [
      [
        1,
        7
      ],
      16.69206330035622
    ],
    [
      [
        2,
        3
      ],
      0.9414236880523033
    ],
    [
      [
        2,
        4
      ],
      14.691361531496664
    ],
    [
      [
        2,
        5
      ],
      13.138769083733415
    ],
    [
      [
        2,
        6
      ],
      14.565724868957842
    ],
    [
      [
        2,
        7
      ],
      15.977146822324505
    ],
    [
      [
        3,
        4
      ],
      14.009919860929756
    ],
    [
      [
        3,
        5
      ],
      12.53478655933355
    ],
    [
      [
        3,
        6
      ],
      14.03500496299011
    ],
    [
      [
        3,
        7
      ],
      15.368146152914736
    ],
    [
      [
        4,
        5
      ],
      2.1527202751841683
    ],
    [
      [
        4,
        6
      ],
      3.008903851994776
    ],
    [
      [
        4,
        7
      ],
      2.065208411844674
    ],
    [
      [
        5,
        6
      ],
      1.9725900684658229
    ],
    [
      [
        5,
        7
      ],
      2.8385040638168904
    ],
    [
      [
        6,
        7
      ],
      2.081614797776236
    ],
    [
      [
        0,
        1,
        2
      ],
      1.3307670971695236
    ],
    [
      [
        0,
        1,
        3
      ],
      1.3307293667470488
    ],
    [
      [
        0,
        1,
        4
      ],
      15.340649035081828
    ],
    [
      [
        0,
        1,
        5
      ],
      13.857173213431304
    ],
    [
      [
        0,
        1,
        6
      ],
      15.337873920818687
    ],
    [
      [
        0,
        1,
        7
      ],
      16.69206330035622
    ],
    [
      [
        0,
        2,
        3
      ],
      1.3307670971695236
    ],
    [
      [
        0,
        2,
        4
      ],
      14.691361531496664
    ],
    [
      [
        0,
        2,
        5
      ],
      13.286271186146248
    ],
    [
      [
        0,
        2,
        6
      ],
      14.835181573133713
    ],
    [
      [
        0,
        2,
        7
      ],
      16.110492543898992
    ],
    [
      [
        0,
        3,
        4
      ],
      14.689740145505265
    ],
    [
      [
        0,
        3,
        5
      ],
      13.286271186146248
    ],
    [
      [
        0,
        3,
        6
      ],
      14.835181573133713
    ],
    [
      [
        0,
        3,
        7
      ],
      16.110492543898992
    ],
    [
      [
        0,
        4,
        5
      ],
      14.689740145505265
    ],
    [
      [
        0,
        4,
        6
      ],
      14.835181573133713
    ],
    [
      [
        0,
        4,
        7
      ],
      16.110492543898992
    ],
    [
      [
        0,
        5,
        6
      ],
      14.835181573133713
    ],
    [
      [
        0,
        5,
        7
      ],
      16.110492543898992
    ],
    [
      [
        0,
        6,
        7
      ],
      16.110492543898992
    ],
    [
      [
        1,
        2,
        3
      ],
      1.3307293667470488
    ],
    [
      [
        1,
        2,
        4
      ],
      15.340649035081828
    ],
    [
      [
        1,
        2,
        5
      ],
      13.857173213431304
    ],
    [
      [
        1,
        2,
        6
      ],
      15.337873920818687
    ],
    [
      [
        1,
        2,
        7
      ],
      16.69206330035622
    ],
    [
      [
        1,
        3,
        4
      ],
      15.340649035081828
    ],
    [
      [
        1,
        3,
        5
      ],
      13.857173213431304
    ],
    [
      [
        1,
        3,
        6
      ],
      15.337873920818687
    ],
    [
      [
        1,
        3,
        7
      ],
      16.69206330035622
    ],
    [
      [
        1,
        4,
        5
      ],
      15.340649035081828
    ],
    [
      [
        1,
        4,
        6
      ],
      15.340649035081828
    ],
    [
      [
        1,
        4,
        7
      ],
      16.69206330035622
    ],
    [
      [
        1,
        5,
        6
      ],
      15.337873920818687
    ],
    [
      [
        1,
        5,
        7
      ],
      16.69206330035622
    ],
    [
      [
        1,
        6,
        7
      ],
      16.69206330035622
    ],
    [
      [
        2,
        3,
        4
      ],
      14.691361531496664
    ],
    [
      [
        2,
        3,
        5
      ],
      13.138769083733415
    ],
    [
      [
        2,
        3,
        6
      ],
      14.565724868957842
    ],
    [
      [
        2,
        3,
        7
      ],
      15.977146822324505
    ],
    [
      [
        2,
        4,
        5
      ],
      14.691361531496664
    ],
    [
      [
        2,
        4,
        6
      ],
      14.691361531496664
    ],
    [
      [
        2,
        4,
        7
      ],
      15.977146822324505
    ],
    [
      [
        2,
        5,
        6
      ],
      14.565724868957842
    ],
    [
      [
        2,
        5,
        7
      ],
      15.977146822324505
    ],
    [
      [
        2,
        6,
        7
      ],
      15.977146822324505
    ],
    [
      [
        3,
        4,
        5
      ],
      14.009919860929756
    ],
    [
      [
        3,
        4,
        6
      ],
      14.03500496299011
    ],
    [
      [
        3,
        4,
        7
      ],
      15.368146152914736
    ],
    [
      [
        3,
        5,
        6
      ],
      14.03500496299011
    ],
    [
      [
        3,
        5,
        7
      ],
      15.368146152914736
    ],
    [
      [
        3,
        6,
        7
      ],
      15.368146152914736
    ],
    [
      [
        4,
        5,
        6
      ],
      3.008903851994776
    ],
    [
      [
        4,
        5,
        7
      ],
      2.8385040638168904
    ],
    [
      [
        4,
        6,
        7
      ],
      3.008903851994776
    ],
    [
      [
        5,
        6,
        7
      ],
      2.8385040638168904
    ]
  ]
}
