{
  "barcode": [
    [
      4.563131093103616,
      2.2583661127503216
    ],
    [
      5.662168115521562,
      3.0540199907104415
    ]
  ],
  "persistence": [
    1.0990370224179467,
    0.7956538779601199
  ],
  "barcodeJL": [
    [
      2.2583661127503314,
      4.563131093103616
    ],
    [
      3.0540199907104393,
      5.662168115521562
    ]
  ],
  "representatives": [
    [
      4,
      2,
      3,
      1
    ],
    [
      5,
      6,
      7,
      8
    ]
  ],
  "filtration": [
    [
      [
        0
      ],
      0.0
    ],
    [
      [
        1
      ],
      0.0
    ],
    [
      [
        2
      ],
      0.0
    ],
    [
      [
        3
      ],
      0.0
    ],
    [
      [
        4
      ],
      0.0
    ],
    [
      [
        5
      ],
      0.0
    ],
    [
      [
        6
      ],
      0.0
    ],
    [
      [
        7
      ],
      0.0
    ],
    [
      [
        0,
        1
      ],
      2.1595607564141375
    ],
    [
      [
        0,
        2
      ],
      3.0939472892012883
    ],
    [
      [
        0,
        3
      ],
      2.2115356737007437
    ],
    [
      [
        0,
        4
      ],
      15.008361657585615
    ],
    [
      [
        0,
        5
      ],
      12.244142306626014
    ],
    [
      [
        0,
        6
      ],
      15.204017135845252
    ],
    [
      [
        0,
        7
      ],
      17.72711639298868
    ],
    [
      [
        1,
        2
      ],
      2.067745764935332
    ],
    [
      [
        1,
        3
      ],
      3.0540199907104415
    ],
    [
      [
        1,
        4
      ],
      16.536194622666425
    ],
    [
      [
        1,
        5
      ],
      13.357486191386199
    ],
    [
      [
        1,
        6
      ],
      16.06635675302201
    ],
    [
      [
        1,
        7
      ],
      18.968896956159046
    ],
    [
      [
        2,
        3
      ],
      2.2583661127503216
    ],
    [
      [
        2,
        4
      ],
      15.343920125901008
    ],
    [
      [
        2,
        5
      ],
      11.82644256511437
    ],
    [
      [
        2,
        6
      ],
      14.337384013167535
    ],
    [
      [
        2,
        7
      ],
      17.483975102136814
    ],
    [
      [
        3,
        4
      ],
      13.491847580526878
    ],
    [
      [
        3,
        5
      ],
      10.347144855455827
    ],
    [
      [
        3,
        6
      ],
      13.166761489916151
    ],
    [
      [
        3,
        7
      ],
      15.933529620323645
    ],
    [
      [
        4,
        5
      ],
      4.563131093103616
    ],
    [
      [
        4,
        6
      ],
      5.8539402059643555
    ],
    [
      [
        4,
        7
      ],
      3.9120806874738667
    ],
    [
      [
        5,
        6
      ],
      3.389627008442227
    ],
    [
      [
        5,
        7
      ],
      5.662168115521562
    ],
    [
      [
        6,
        7
      ],
      4.361178814348707
    ],
    [
      [
        0,
        1,
        2
      ],
      3.0939472892012883
    ],
    [
      [
        0,
        1,
        3
      ],
      3.0540199907104415
    ],
    [
      [
        0,
        1,
        4
      ],
      16.536194622666425
    ],
    [
      [
        0,
        1,
        5
      ],
      13.357486191386199
    ],
    [
      [
        0,
        1,
        6
      ],
      16.06635675302201
    ],
    [
      [
        0,
        1,
        7
      ],
      18.968896956159046
    ],
    [
      [
        0,
        2,
        3
      ],
      3.0939472892012883
    ],
    [
      [
        0,
        2,
        4
      ],
      15.343920125901008
    ],
    [
      [
        0,
        2,
        5
      ],
      12.244142306626014
    ],
    [
      [
        0,
        2,
        6
      ],
      15.204017135845252
    ],
    [
      [
        0,
        2,
        7
      ],
      17.72711639298868
    ],
    [
      [
        0,
        3,
        4
      ],
      15.008361657585615
    ],
    [
      [
        0,
        3,
        5
      ],
      12.244142306626014
    ],
    [
      [
        0,
        3,
        6
      ],
      15.204017135845252
    ],
    [
      [
        0,
        3,
        7
      ],
      17.72711639298868
    ],
    [
      [
        0,
        4,
        5
      ],
      15.008361657585615
    ],
    [
      [
        0,
        4,
        6
      ],
      15.204017135845252
    ],
    [
      [
        0,
        4,
        7
      ],
      17.72711639298868
    ],
    [
      [
        0,
        5,
        6
      ],
      15.204017135845252
    ],
    [
      [
        0,
        5,
        7
      ],
      17.72711639298868
    ],
    [
      [
        0,
        6,
        7
      ],
      17.72711639298868
    ],
    [
      [
        1,
        2,
        3
      ],
      3.0540199907104415
    ],
    [
      [
        1,
        2,
        4
      ],
      16.536194622666425
    ],
    [
      [
        1,
        2,
        5
      ],
      13.357486191386199
    ],
    [
      [
        1,
        2,
        6
      ],
      16.06635675302201
    ],
    [
      [
        1,
        2,
        7
      ],
      18.968896956159046
    ],
    [
      [
        1,
        3,
        4
      ],
      16.536194622666425
    ],
    [
      [
        1,
        3,
        5
      ],
      13.357486191386199
    ],
    [
      [
        1,
        3,
        6
      ],
      16.06635675302201
    ],
    [
      [
        1,
        3,
        7
      ],
      18.968896956159046
    ],
    [
      [
        1,
        4,
        5
      ],
      16.536194622666425
    ],
    [
      [
        1,
        4,
        6
      ],
      16.536194622666425
    ],
    [
      [
        1,
        4,
        7
      ],
      18.968896956159046
    ],
    [
      [
        1,
        5,
        6
      ],
      16.06635675302201
    ],
    [
      [
        1,
        5,
        7
      ],
      18.968896956159046
    ],
    [
      [
        1,
        6,
        7
      ],
      18.968896956159046
    ],
    [
      [
        2,
        3,
        4
      ],
      15.343920125901008
    ],
    [
      [
        2,
        3,
        5
      ],
      11.82644256511437
    ],
    [
      [
        2,
        3,
        6
      ],
      14.337384013167535
    ],
    [
      [
        2,
        3,
        7
      ],
      17.483975102136814
    ],
    [
      [
        2,
        4,
        5
      ],
      15.343920125901008
    ],
    [
      [
        2,
        4,
        6
      ],
      15.343920125901008
    ],
    [
      [
        2,
        4,
        7
      ],
      17.483975102136814
    ],
    [
      [
        2,
        5,
        6
      ],
      14.337384013167535
    ],
    [
      [
        2,
        5,
        7
      ],
      17.483975102136814
    ],
    [
      [
        2,
        6,
        7
      ],
      17.483975102136814
    ],
    [
      [
        3,
        4,
        5
      ],
      13.491847580526878
    ],
    [
      [
        3,
        4,
        6
      ],
      13.491847580526878
    ],
    [
      [
        3,
        4,
        7
      ],
      15.933529620323645
    ],
    [
      [
        3,
        5,
        6
      ],
      13.166761489916151
    ],
    [
      [
        3,
        5,
        7
      ],
      15.933529620323645
    ],
    [
      [
        3,
        6,
        7
      ],
      15.933529620323645
    ],
    [
      [
        4,
        5,
        6
      ],
      5.8539402059643555
    ],
    [
      [
        4,
        5,
        7
      ],
      5.662168115521562
    ],
    [
      [
        4,
        6,
        7
      ],
      5.8539402059643555
    ],
    [
      [
        5,
        6,
        7
      ],
      5.662168115521562
    ]
  ]
}
