{
  "barcode": [
    [
      4.420716532479322,
      2.1357811575933985
    ],
    [
      5.507805416944393,
      2.894629022873569
    ]
  ],
  "persistence": [
    1.0870888844650715,
    0.7588478652801705
  ],
  "barcodeJL": [
    [
      2.1357811575933945,
      4.420716532479322
    ],
    [
      2.894629022873576,
      5.507805416944394
    ]
  ],
  "representatives": [
    [
      4,
      2,
      3,
      1
    ],
    [
      5,
      6,
      7,
      8
    ]
  ],
  "filtration": [
    [
      [
        0
      ],
      0.0
    ],
    [
      [
        1
      ],
      0.0
    ],
    [
      [
        2
      ],
      0.0
    ],
    [
      [
        3
      ],
      0.0
    ],
    [
      [
        4
      ],
      0.0
    ],
    [
      [
        5
      ],
      0.0
    ],
    [
      [
        6
      ],
      0.0
    ],
    [
      [
        7
      ],
      0.0
    ],
    [
      [
        0,
        1
      ],
      2.0461611602349405
    ],
    [
      [
        0,
        2
      ],
      2.9354756870021927
    ],
    [
      [
        0,
        3
      ],
      2.096671430393899
    ],
    [
      [
        0,
        4
      ],
      14.982914844874944
    ],
    [
      [
        0,
        5
      ],
      12.280953088982384
    ],
    [
      [
        0,
        6
      ],
      15.173696800199814
    ],
    [
      [
        0,
        7
      ],
      17.630126891577326
    ],
    [
      [
        1,
        2
      ],
      1.9688187520147697
    ],
    [
      [
        1,
        3
      ],
      2.894629022873569
    ],
    [
      [
        1,
        4
      ],
      16.429512520622087
    ],
    [
      [
        1,
        5
      ],
      13.3487173937336
    ],
    [
      [
        1,
        6
      ],
      16.005919464109894
    ],
    [
      [
        1,
        7
      ],
      18.81104860248019
    ],
    [
      [
        2,
        3
      ],
      2.1357811575933985
    ],
    [
      [
        2,
        4
      ],
      15.28220079945225
    ],
    [
      [
        2,
        5
      ],
      11.888911941802705
    ],
    [
      [
        2,
        6
      ],
      14.360800893127132
    ],
    [
      [
        2,
        7
      ],
      17.39240478967509
    ],
    [
      [
        3,
        4
      ],
      13.543305621517371
    ],
    [
      [
        3,
        5
      ],
      10.492927282487763
    ],
    [
      [
        3,
        6
      ],
      13.251064405223227
    ],
    [
      [
        3,
        7
      ],
      15.933725843502957
    ],
    [
      [
        4,
        5
      ],
      4.420716532479322
    ],
    [
      [
        4,
        6
      ],
      5.697975140448228
    ],
    [
      [
        4,
        7
      ],
      3.817511297197954
    ],
    [
      [
        5,
        6
      ],
      3.3327153830853904
    ],
    [
      [
        5,
        7
      ],
      5.507805416944393
    ],
    [
      [
        6,
        7
      ],
      4.224596931564951
    ],
    [
      [
        0,
        1,
        2
      ],
      2.9354756870021927
    ],
    [
      [
        0,
        1,
        3
      ],
      2.894629022873569
    ],
    [
      [
        0,
        1,
        4
      ],
      16.429512520622087
    ],
    [
      [
        0,
        1,
        5
      ],
      13.3487173937336
    ],
    [
      [
        0,
        1,
        6
      ],
      16.005919464109894
    ],
    [
      [
        0,
        1,
        7
      ],
      18.81104860248019
    ],
    [
      [
        0,
        2,
        3
      ],
      2.9354756870021927
    ],
    [
      [
        0,
        2,
        4
      ],
      15.28220079945225
    ],
    [
      [
        0,
        2,
        5
      ],
      12.280953088982384
    ],
    [
      [
        0,
        2,
        6
      ],
      15.173696800199814
    ],
    [
      [
        0,
        2,
        7
      ],
      17.630126891577326
    ],
    [
      [
        0,
        3,
        4
      ],
      14.982914844874944
    ],
    [
      [
        0,
        3,
        5
      ],
      12.280953088982384
    ],
    [
      [
        0,
        3,
        6
      ],
      15.173696800199814
    ],
    [
      [
        0,
        3,
        7
      ],
      17.630126891577326
    ],
    [
      [
        0,
        4,
        5
      ],
      14.982914844874944
    ],
    [
      [
        0,
        4,
        6
      ],
      15.173696800199814
    ],
    [
      [
        0,
        4,
        7
      ],
      17.630126891577326
    ],
    [
      [
        0,
        5,
        6
      ],
      15.173696800199814
    ],
    [
      [
        0,
        5,
        7
      ],
      17.630126891577326
    ],
    [
      [
        0,
        6,
        7
      ],
      17.630126891577326
    ],
    [
      [
        1,
        2,
        3
      ],
      2.894629022873569
    ],
    [
      [
        1,
        2,
        4
      ],
      16.429512520622087
    ],
    [
      [
        1,
        2,
        5
      ],
      13.3487173937336
    ],
    [
      [
        1,
        2,
        6
      ],
      16.005919464109894
    ],
    [
      [
        1,
        2,
        7
      ],
      18.81104860248019
    ],
    [
      [
        1,
        3,
        4
      ],
      16.429512520622087
    ],
    [
      [
        1,
        3,
        5
      ],
      13.3487173937336
    ],
    [
      [
        1,
        3,
        6
      ],
      16.005919464109894
    ],
    [
      [
        1,
        3,
        7
      ],
      18.81104860248019
    ],
    [
      [
        1,
        4,
        5
      ],
      16.429512520622087
    ],
    [
      [
        1,
        4,
        6
      ],
      16.429512520622087
    ],
    [
      [
        1,
        4,
        7
      ],
      18.81104860248019
    ],
    [
      [
        1,
        5,
        6
      ],
      16.005919464109894
    ],
    [
      [
        1,
        5,
        7
      ],
      18.81104860248019
    ],
    [
      [
        1,
        6,
        7
      ],
      18.81104860248019
    ],
    [
      [
        2,
        3,
        4
      ],
      15.28220079945225
    ],
    [
      [
        2,
        3,
        5
      ],
      11.888911941802705
    ],
    [
      [
        2,
        3,
        6
      ],
      14.360800893127132
    ],
    [
      [
        2,
        3,
        7
      ],
      17.39240478967509
    ],
    [
      [
        2,
        4,
        5
      ],
      15.28220079945225
    ],
    [
      [
        2,
        4,
        6
      ],
      15.28220079945225
    ],
    [
      [
        2,
        4,
        7
      ],
      17.39240478967509
    ],
    [
      [
        2,
        5,
        6
      ],
      14.360800893127132
    ],
    [
      [
        2,
        5,
        7
      ],
      17.39240478967509
    ],
    [
      [
        2,
        6,
        7
      ],
      17.39240478967509
    ],
    [
      [
        3,
        4,
        5
      ],
      13.543305621517371
    ],
    [
      [
        3,
        4,
        6
      ],
      13.543305621517371
    ],
    [
      [
        3,
        4,
        7
      ],
      15.933725843502957
    ],
    [
      [
        3,
        5,
        6
      ],
      13.251064405223227
    ],
    [
      [
        3,
        5,
        7
      ],
      15.933725843502957
    ],
    [
      [
        3,
        6,
        7
      ],
      15.933725843502957
    ],
    [
      [
        4,
        5,
        6
      ],
      5.697975140448228
    ],
    [
      [
        4,
        5,
        7
      ],
      5.507805416944393
    ],
    [
      [
        4,
        6,
        7
      ],
      5.697975140448228
    ],
    [
      [
        5,
        6,
        7
      ],
      5.507805416944393
    ]
  ]
}
