{
  "barcode": [
    [
      4.279197770843735,
      2.0139262663687574
    ],
    [
      5.35307363496132,
      2.735207612523408
    ]
  ],
  "persistence": [
    1.0738758641175847,
    0.7212813461546506
  ],
  "barcodeJL": [
    [
      2.013926266368763,
      4.279197770843735
    ],
    [
      2.7352076125233973,
      5.35307363496132
    ]
  ],
  "representatives": [
    [
      4,
      2,
      3,
      1
    ],
    [
      5,
      6,
      7,
      8
    ]
  ],
  "filtration": [
    [
      [
        0
      ],
      0.0
    ],
    [
      [
        1
      ],
      0.0
    ],
    [
      [
        2
      ],
      0.0
    ],
    [
      [
        3
      ],
      0.0
    ],
    [
      [
        4
      ],
      0.0
    ],
    [
      [
        5
      ],
      0.0
    ],
    [
      [
        6
      ],
      0.0
    ],
    [
      [
        7
      ],
      0.0
    ],
    [
      [
        0,
        1
      ],
      1.9331928594731564
    ],
    [
      [
        0,
        2
      ],
      2.7768829603089156
    ],
    [
      [
        0,
        3
      ],
      1.9816741436275545
    ],
    [
      [
        0,
        4
      ],
      14.958087103711824
    ],
    [
      [
        0,
        5
      ],
      12.319934115231867
    ],
    [
      [
        0,
        6
      ],
      15.143310171336616
    ],
    [
      [
        0,
        7
      ],
      17.533243484902105
    ],
    [
      [
        1,
        2
      ],
      1.8686513004212433
    ],
    [
      [
        1,
        3
      ],
      2.735207612523408
    ],
    [
      [
        1,
        4
      ],
      16.32372628041508
    ],
    [
      [
        1,
        5
      ],
      13.340566566225515
    ],
    [
      [
        1,
        6
      ],
      15.943824780225132
    ],
    [
      [
        1,
        7
      ],
      18.653034079651064
    ],
    [
      [
        2,
        3
      ],
      2.0139262663687574
    ],
    [
      [
        2,
        4
      ],
      15.223291906741984
    ],
    [
      [
        2,
        5
      ],
      11.953051748697904
    ],
    [
      [
        2,
        6
      ],
      14.383549537906456
    ],
    [
      [
        2,
        7
      ],
      17.30209511391421
    ],
    [
      [
        3,
        4
      ],
      13.595775868934366
    ],
    [
      [
        3,
        5
      ],
      10.639831163162883
    ],
    [
      [
        3,
        6
      ],
      13.334697641101917
    ],
    [
      [
        3,
        7
      ],
      15.933853192361664
    ],
    [
      [
        4,
        5
      ],
      4.279197770843735
    ],
    [
      [
        4,
        6
      ],
      5.541659719804257
    ],
    [
      [
        4,
        7
      ],
      3.7219134358587653
    ],
    [
      [
        5,
        6
      ],
      3.272928111354877
    ],
    [
      [
        5,
        7
      ],
      5.35307363496132
    ],
    [
      [
        6,
        7
      ],
      4.089175853328027
    ],
    [
      [
        0,
        1,
        2
      ],
      2.7768829603089156
    ],
    [
      [
        0,
        1,
        3
      ],
      2.735207612523408
    ],
    [
      [
        0,
        1,
        4
      ],
      16.32372628041508
    ],
    [
      [
        0,
        1,
        5
      ],
      13.340566566225515
    ],
    [
      [
        0,
        1,
        6
      ],
      15.943824780225132
    ],
    [
      [
        0,
        1,
        7
      ],
      18.653034079651064
    ],
    [
      [
        0,
        2,
        3
      ],
      2.7768829603089156
    ],
    [
      [
        0,
        2,
        4
      ],
      15.223291906741984
    ],
    [
      [
        0,
        2,
        5
      ],
      12.319934115231867
    ],
    [
      [
        0,
        2,
        6
      ],
      15.143310171336616
    ],
    [
      [
        0,
        2,
        7
      ],
      17.533243484902105
    ],
    [
      [
        0,
        3,
        4
      ],
      14.958087103711824
    ],
    [
      [
        0,
        3,
        5
      ],
      12.319934115231867
    ],
    [
      [
        0,
        3,
        6
      ],
      15.143310171336616
    ],
    [
      [
        0,
        3,
        7
      ],
      17.533243484902105
    ],
    [
      [
        0,
        4,
        5
      ],
      14.958087103711824
    ],
    [
      [
        0,
        4,
        6
      ],
      15.143310171336616
    ],
    [
      [
        0,
        4,
        7
      ],
      17.533243484902105
    ],
    [
      [
        0,
        5,
        6
      ],
      15.143310171336616
    ],
    [
      [
        0,
        5,
        7
      ],
      17.533243484902105
    ],
    [
      [
        0,
        6,
        7
      ],
      17.533243484902105
    ],
    [
      [
        1,
        2,
        3
      ],
      2.735207612523408
    ],
    [
      [
        1,
        2,
        4
      ],
      16.32372628041508
    ],
    [
      [
        1,
        2,
        5
      ],
      13.340566566225515
    ],
    [
      [
        1,
        2,
        6
      ],
      15.943824780225132
    ],
    [
      [
        1,
        2,
        7
      ],
      18.653034079651064
    ],
    [
      [
        1,
        3,
        4
      ],
      16.32372628041508
    ],
    [
      [
        1,
        3,
        5
      ],
      13.340566566225515
    ],
    [
      [
        1,
        3,
        6
      ],
      15.943824780225132
    ],
    [
      [
        1,
        3,
        7
      ],
      18.653034079651064
    ],
    [
      [
        1,
        4,
        5
      ],
      16.32372628041508
    ],
    [
      [
        1,
        4,
        6
      ],
      16.32372628041508
    ],
    [
      [
        1,
        4,
        7
      ],
      18.653034079651064
    ],
    [
      [
        1,
        5,
        6
      ],
      15.943824780225132
    ],
    [
      [
        1,
        5,
        7
      ],
      18.653034079651064
    ],
    [
      [
        1,
        6,
        7
      ],
      18.653034079651064
    ],
    [
      [
        2,
        3,
        4
      ],
      15.223291906741984
    ],
    [
      [
        2,
        3,
        5
      ],
      11.953051748697904
    ],
    [
      [
        2,
        3,
        6
      ],
      14.383549537906456
    ],
    [
      [
        2,
        3,
        7
      ],
      17.30209511391421
    ],
    [
      [
        2,
        4,
        5
      ],
      15.223291906741984
    ],
    [
      [
        2,
        4,
        6
      ],
      15.223291906741984
    ],
    [
      [
        2,
        4,
        7
      ],
      17.30209511391421
    ],
    [
      [
        2,
        5,
        6
      ],
      14.383549537906456
    ],
    [
      [
        2,
        5,
        7
      ],
      17.30209511391421
    ],
    [
      [
        2,
        6,
        7
      ],
      17.30209511391421
    ],
    [
      [
        3,
        4,
        5
      ],
      13.595775868934366
    ],
    [
      [
        3,
        4,
        6
      ],
      13.595775868934366
    ],
    [
      [
        3,
        4,
        7
      ],
      15.933853192361664
    ],
    [
      [
        3,
        5,
        6
      ],
      13.334697641101917
    ],
    [
      [
        3,
        5,
        7
      ],
      15.933853192361664
    ],
    [
      [
        3,
        6,
        7
      ],
      15.933853192361664
    ],
    [
      [
        4,
        5,
        6
      ],
      5.541659719804257
    ],
    [
      [
        4,
        5,
        7
      ],
      5.35307363496132
    ],
    [
      [
        4,
        6,
        7
      ],
      5.541659719804257
    ],
    [
      [
        5,
        6,
        7
      ],
      5.35307363496132
    ]
  ]
}
