{
  "barcode": [
    [
      4.138605526037726,
      1.8927811263600984
    ],
    [
      5.197984113099327,
      2.575761293675716
    ]
  ],
  "persistence": [
    1.0593785870616008,
    0.6829801673156177
  ],
  "barcodeJL": [
    [
      1.8927811263601022,
      4.1386055260377255
    ],
    [
      2.5757612936757184,
      5.197984113099327
    ]
  ],
  "representatives": [
    [
      4,
      2,
      3,
      1
    ],
    [
      5,
      6,
      7,
      8
    ]
  ],
  "filtration": [
    [
      [
        0
      ],
      0.0
    ],
    [
      [
        1
      ],
      0.0
    ],
    [
      [
        2
      ],
      0.0
    ],
    [
      [
        3
      ],
      0.0
    ],
    [
      [
        4
      ],
      0.0
    ],
    [
      [
        5
      ],
      0.0
    ],
    [
      [
        6
      ],
      0.0
    ],
    [
      [
        7
      ],
      0.0
    ],
    [
      [
        0,
        1
      ],
      1.8206064274290576
    ],
    [
      [
        0,
        2
      ],
      2.6181788168287894
    ],
    [
      [
        0,
        3
      ],
      1.8665677447084519
    ],
    [
      [
        0,
        4
      ],
      14.93390800915236
    ],
    [
      [
        0,
        5
      ],
      12.361039969225688
    ],
    [
      [
        0,
        6
      ],
      15.112897143488604
    ],
    [
      [
        0,
        7
      ],
      17.436505974053
    ],
    [
      [
        1,
        2
      ],
      1.7673169809140077
    ],
    [
      [
        1,
        3
      ],
      2.575761293675716
    ],
    [
      [
        1,
        4
      ],
      16.21884873614527
    ],
    [
      [
        1,
        5
      ],
      13.333023897601436
    ],
    [
      [
        1,
        6
      ],
      15.880109562244147
    ],
    [
      [
        1,
        7
      ],
      18.49487012865216
    ],
    [
      [
        2,
        3
      ],
      1.8927811263600984
    ],
    [
      [
        2,
        4
      ],
      15.167208442123622
    ],
    [
      [
        2,
        5
      ],
      12.018824306881768
    ],
    [
      [
        2,
        6
      ],
      14.40560078363235
    ],
    [
      [
        2,
        7
      ],
      17.213022650637075
    ],
    [
      [
        3,
        4
      ],
      13.649268948003808
    ],
    [
      [
        3,
        5
      ],
      10.787796173428982
    ],
    [
      [
        3,
        6
      ],
      13.41764506239519
    ],
    [
      [
        3,
        7
      ],
      15.933917050369944
    ],
    [
      [
        4,
        5
      ],
      4.138605526037726
    ],
    [
      [
        4,
        6
      ],
      5.385010360066265
    ],
    [
      [
        4,
        7
      ],
      3.6252927773810217
    ],
    [
      [
        5,
        6
      ],
      3.210292449465157
    ],
    [
      [
        5,
        7
      ],
      5.197984113099327
    ],
    [
      [
        6,
        7
      ],
      3.954937739017645
    ],
    [
      [
        0,
        1,
        2
      ],
      2.6181788168287894
    ],
    [
      [
        0,
        1,
        3
      ],
      2.575761293675716
    ],
    [
      [
        0,
        1,
        4
      ],
      16.21884873614527
    ],
    [
      [
        0,
        1,
        5
      ],
      13.333023897601436
    ],
    [
      [
        0,
        1,
        6
      ],
      15.880109562244147
    ],
    [
      [
        0,
        1,
        7
      ],
      18.49487012865216
    ],
    [
      [
        0,
        2,
        3
      ],
      2.6181788168287894
    ],
    [
      [
        0,
        2,
        4
      ],
      15.167208442123622
    ],
    [
      [
        0,
        2,
        5
      ],
      12.361039969225688
    ],
    [
      [
        0,
        2,
        6
      ],
      15.112897143488604
    ],
    [
      [
        0,
        2,
        7
      ],
      17.436505974053
    ],
    [
      [
        0,
        3,
        4
      ],
      14.93390800915236
    ],
    [
      [
        0,
        3,
        5
      ],
      12.361039969225688
    ],
    [
      [
        0,
        3,
        6
      ],
      15.112897143488604
    ],
    [
      [
        0,
        3,
        7
      ],
      17.436505974053
    ],
    [
      [
        0,
        4,
        5
      ],
      14.93390800915236
    ],
    [
      [
        0,
        4,
        6
      ],
      15.112897143488604
    ],
    [
      [
        0,
        4,
        7
      ],
      17.436505974053
    ],
    [
      [
        0,
        5,
        6
      ],
      15.112897143488604
    ],
    [
      [
        0,
        5,
        7
      ],
      17.436505974053
    ],
    [
      [
        0,
        6,
        7
      ],
      17.436505974053
    ],
    [
      [
        1,
        2,
        3
      ],
      2.575761293675716
    ],
    [
      [
        1,
        2,
        4
      ],
      16.21884873614527
    ],
    [
      [
        1,
        2,
        5
      ],
      13.333023897601436
    ],
    [
      [
        1,
        2,
        6
      ],
      15.880109562244147
    ],
    [
      [
        1,
        2,
        7
      ],
      18.49487012865216
    ],
    [
      [
        1,
        3,
        4
      ],
      16.21884873614527
    ],
    [
      [
        1,
        3,
        5
      ],
      13.333023897601436
    ],
    [
      [
        1,
        3,
        6
      ],
      15.880109562244147
    ],
    [
      [
        1,
        3,
        7
      ],
      18.49487012865216
    ],
    [
      [
        1,
        4,
        5
      ],
      16.21884873614527
    ],
    [
      [
        1,
        4,
        6
      ],
      16.21884873614527
    ],
    [
      [
        1,
        4,
        7
      ],
      18.49487012865216
    ],
    [
      [
        1,
        5,
        6
      ],
      15.880109562244147
    ],
    [
      [
        1,
        5,
        7
      ],
      18.49487012865216
    ],
    [
      [
        1,
        6,
        7
      ],
      18.49487012865216
    ],
    [
      [
        2,
        3,
        4
      ],
      15.167208442123622
    ],
    [
      [
        2,
        3,
        5
      ],
      12.018824306881768
    ],
    [
      [
        2,
        3,
        6
      ],
      14.40560078363235
    ],
    [
      [
        2,
        3,
        7
      ],
      17.213022650637075
    ],
    [
      [
        2,
        4,
        5
      ],
      15.167208442123622
    ],
    [
      [
        2,
        4,
        6
      ],
      15.167208442123622
    ],
    [
      [
        2,
        4,
        7
      ],
      17.213022650637075
    ],
    [
      [
        2,
        5,
        6
      ],
      14.40560078363235
    ],
    [
      [
        2,
        5,
        7
      ],
      17.213022650637075
    ],
    [
      [
        2,
        6,
        7
      ],
      17.213022650637075
    ],
    [
      [
        3,
        4,
        5
      ],
      13.649268948003808
    ],
    [
      [
        3,
        4,
        6
      ],
      13.649268948003808
    ],
    [
      [
        3,
        4,
        7
      ],
      15.933917050369944
    ],
    [
      [
        3,
        5,
        6
      ],
      13.41764506239519
    ],
    [
      [
        3,
        5,
        7
      ],
      15.933917050369944
    ],
    [
      [
        3,
        6,
        7
      ],
      15.933917050369944
    ],
    [
      [
        4,
        5,
        6
      ],
      5.385010360066265
    ],
    [
      [
        4,
        5,
        7
      ],
      5.197984113099327
    ],
    [
      [
        4,
        6,
        7
      ],
      5.385010360066265
    ],
    [
      [
        5,
        6,
        7
      ],
      5.197984113099327
    ]
  ]
}
