{
  "barcode": [
    [
      3.9989656456986475,
      1.7723225353194043
    ],
    [
      5.042546802902676,
      2.4162940487014404
    ]
  ],
  "persistence": [
    1.043581157204028,
    0.6439715133820361
  ],
  "barcodeJL": [
    [
      1.7723225353194076,
      3.9989656456986475
    ],
    [
      2.4162940487014475,
      5.042546802902676
    ]
  ],
  "representatives": [
    [
      4,
      2,
      3,
      1
    ],
    [
      5,
      6,
      7,
      8
    ]
  ],
  "filtration": [
    [
      [
        0
      ],
      0.0
    ],
    [
      [
        1
      ],
      0.0
    ],
    [
      [
        2
      ],
      0.0
    ],
    [
      [
        3
      ],
      0.0
    ],
    [
      [
        4
      ],
      0.0
    ],
    [
      [
        5
      ],
      0.0
    ],
    [
      [
        6
      ],
      0.0
    ],
    [
      [
        7
      ],
      0.0
    ],
    [
      [
        0,
        1
      ],
      1.7083548030725353
    ],
    [
      [
        0,
        2
      ],
      2.4593711830624514
    ],
    [
      [
        0,
        3
      ],
      1.7513751628880088
    ],
    [
      [
        0,
        4
      ],
      14.910405010658229
    ],
    [
      [
        0,
        5
      ],
      12.40422429652858
    ],
    [
      [
        0,
        6
      ],
      15.082508047739838
    ],
    [
      [
        0,
        7
      ],
      17.33995368384616
    ],
    [
      [
        1,
        2
      ],
      1.6648850882943844
    ],
    [
      [
        1,
        3
      ],
      2.4162940487014404
    ],
    [
      [
        1,
        4
      ],
      16.114889051708516
    ],
    [
      [
        1,
        5
      ],
      13.326075720981965
    ],
    [
      [
        1,
        6
      ],
      15.814816474176359
    ],
    [
      [
        1,
        7
      ],
      18.336569755999864
    ],
    [
      [
        2,
        3
      ],
      1.7723225353194043
    ],
    [
      [
        2,
        4
      ],
      15.113956711191745
    ],
    [
      [
        2,
        5
      ],
      12.086187642088218
    ],
    [
      [
        2,
        6
      ],
      14.426931651964148
    ],
    [
      [
        2,
        7
      ],
      17.125158056341142
    ],
    [
      [
        3,
        4
      ],
      13.703792047156766
    ],
    [
      [
        3,
        5
      ],
      10.936763854704873
    ],
    [
      [
        3,
        6
      ],
      13.499901430180813
    ],
    [
      [
        3,
        7
      ],
      15.933921589591026
    ],
    [
      [
        4,
        5
      ],
      3.9989656456986475
    ],
    [
      [
        4,
        6
      ],
      5.228046598420772
    ],
    [
      [
        4,
        7
      ],
      3.527655870228557
    ],
    [
      [
        5,
        6
      ],
      3.144848667047907
    ],
    [
      [
        5,
        7
      ],
      5.042546802902676
    ],
    [
      [
        6,
        7
      ],
      3.8218996559178526
    ],
    [
      [
        0,
        1,
        2
      ],
      2.4593711830624514
    ],
    [
      [
        0,
        1,
        3
      ],
      2.4162940487014404
    ],
    [
      [
        0,
        1,
        4
      ],
      16.114889051708516
    ],
    [
      [
        0,
        1,
        5
      ],
      13.326075720981965
    ],
    [
      [
        0,
        1,
        6
      ],
      15.814816474176359
    ],
    [
      [
        0,
        1,
        7
      ],
      18.336569755999864
    ],
    [
      [
        0,
        2,
        3
      ],
      2.4593711830624514
    ],
    [
      [
        0,
        2,
        4
      ],
      15.113956711191745
    ],
    [
      [
        0,
        2,
        5
      ],
      12.40422429652858
    ],
    [
      [
        0,
        2,
        6
      ],
      15.082508047739838
    ],
    [
      [
        0,
        2,
        7
      ],
      17.33995368384616
    ],
    [
      [
        0,
        3,
        4
      ],
      14.910405010658229
    ],
    [
      [
        0,
        3,
        5
      ],
      12.40422429652858
    ],
    [
      [
        0,
        3,
        6
      ],
      15.082508047739838
    ],
    [
      [
        0,
        3,
        7
      ],
      17.33995368384616
    ],
    [
      [
        0,
        4,
        5
      ],
      14.910405010658229
    ],
    [
      [
        0,
        4,
        6
      ],
      15.082508047739838
    ],
    [
      [
        0,
        4,
        7
      ],
      17.33995368384616
    ],
    [
      [
        0,
        5,
        6
      ],
      15.082508047739838
    ],
    [
      [
        0,
        5,
        7
      ],
      17.33995368384616
    ],
    [
      [
        0,
        6,
        7
      ],
      17.33995368384616
    ],
    [
      [
        1,
        2,
        3
      ],
      2.4162940487014404
    ],
    [
      [
        1,
        2,
        4
      ],
      16.114889051708516
    ],
    [
      [
        1,
        2,
        5
      ],
      13.326075720981965
    ],
    [
      [
        1,
        2,
        6
      ],
      15.814816474176359
    ],
    [
      [
        1,
        2,
        7
      ],
      18.336569755999864
    ],
    [
      [
        1,
        3,
        4
      ],
      16.114889051708516
    ],
    [
      [
        1,
        3,
        5
      ],
      13.326075720981965
    ],
    [
      [
        1,
        3,
        6
      ],
      15.814816474176359
    ],
    [
      [
        1,
        3,
        7
      ],
      18.336569755999864
    ],
    [
      [
        1,
        4,
        5
      ],
      16.114889051708516
    ],
    [
      [
        1,
        4,
        6
      ],
      16.114889051708516
    ],
    [
      [
        1,
        4,
        7
      ],
      18.336569755999864
    ],
    [
      [
        1,
        5,
        6
      ],
      15.814816474176359
    ],
    [
      [
        1,
        5,
        7
      ],
      18.336569755999864
    ],
    [
      [
        1,
        6,
        7
      ],
      18.336569755999864
    ],
    [
      [
        2,
        3,
        4
      ],
      15.113956711191745
    ],
    [
      [
        2,
        3,
        5
      ],
      12.086187642088218
    ],
    [
      [
        2,
        3,
        6
      ],
      14.426931651964148
    ],
    [
      [
        2,
        3,
        7
      ],
      17.125158056341142
    ],
    [
      [
        2,
        4,
        5
      ],
      15.113956711191745
    ],
    [
      [
        2,
        4,
        6
      ],
      15.113956711191745
    ],
    [
      [
        2,
        4,
        7
      ],
      17.125158056341142
    ],
    [
      [
        2,
        5,
        6
      ],
      14.426931651964148
    ],
    [
      [
        2,
        5,
        7
      ],
      17.125158056341142
    ],
    [
      [
        2,
        6,
        7
      ],
      17.125158056341142
    ],
    [
      [
        3,
        4,
        5
      ],
      13.703792047156766
    ],
    [
      [
        3,
        4,
        6
      ],
      13.703792047156766
    ],
    [
      [
        3,
        4,
        7
      ],
      15.933921589591026
    ],
    [
      [
        3,
        5,
        6
      ],
      13.499901430180813
    ],
    [
      [
        3,
        5,
        7
      ],
      15.933921589591026
    ],
    [
      [
        3,
        6,
        7
      ],
      15.933921589591026
    ],
    [
      [
        4,
        5,
        6
      ],
      5.228046598420772
    ],
    [
      [
        4,
        5,
        7
      ],
      5.042546802902676
    ],
    [
      [
        4,
        6,
        7
      ],
      5.228046598420772
    ],
    [
      [
        5,
        6,
        7
      ],
      5.042546802902676
    ]
  ]
}
