{
  "barcode": [
    [
      3.860304138742568,
      1.652528564038757
    ],
    [
      4.886775330860424,
      2.2568117230599896
    ]
  ],
  "persistence": [
    1.0264711921178558,
    0.6042831590212325
  ],
  "barcodeJL": [
    [
      1.6525285640387672,
      3.860304138742568
    ],
    [
      2.256811723059991,
      4.886775330860424
    ]
  ],
  "representatives": [
    [
      4,
      2,
      3,
      1
    ],
    [
      5,
      6,
      7,
      8
    ]
  ],
  "filtration": [
    [
      [
        0
      ],
      0.0
    ],
    [
      [
        1
      ],
      0.0
    ],
    [
      [
        2
      ],
      0.0
    ],
    [
      [
        3
      ],
      0.0
    ],
    [
      [
        4
      ],
      0.0
    ],
    [
      [
        5
      ],
      0.0
    ],
    [
      [
        6
      ],
      0.0
    ],
    [
      [
        7
      ],
      0.0
    ],
    [
      [
        0,
        1
      ],
      1.5963900322098608
    ],
    [
      [
        0,
        2
      ],
      2.3004705504904863
    ],
    [
      [
        0,
        3
      ],
      1.6361223062283585
    ],
    [
      [
        0,
        4
      ],
      14.887602755732871
    ],
    [
      [
        0,
        5
      ],
      12.449436474199626
    ],
    [
      [
        0,
        6
      ],
      15.052193329190303
    ],
    [
      [
        0,
        7
      ],
      17.243626197134468
    ],
    [
      [
        1,
        2
      ],
      1.5614270370814642
    ],
    [
      [
        1,
        3
      ],
      2.2568117230599896
    ],
    [
      [
        1,
        4
      ],
      16.011854818741458
    ],
    [
      [
        1,
        5
      ],
      13.319704885920672
    ],
    [
      [
        1,
        6
      ],
      15.747989123336033
    ],
    [
      [
        1,
        7
      ],
      18.17814686410331
    ],
    [
      [
        2,
        3
      ],
      1.652528564038757
    ],
    [
      [
        2,
        4
      ],
      15.063540870703441
    ],
    [
      [
        2,
        5
      ],
      12.155097569803624
    ],
    [
      [
        2,
        6
      ],
      14.447521142572556
    ],
    [
      [
        2,
        7
      ],
      17.038473175092594
    ],
    [
      [
        3,
        4
      ],
      13.759348491004832
    ],
    [
      [
        3,
        5
      ],
      11.086672565838949
    ],
    [
      [
        3,
        6
      ],
      13.581460273170075
    ],
    [
      [
        3,
        7
      ],
      15.933869616343609
    ],
    [
      [
        4,
        5
      ],
      3.860304138742568
    ],
    [
      [
        4,
        6
      ],
      5.070787918348982
    ],
    [
      [
        4,
        7
      ],
      3.429012243786103
    ],
    [
      [
        5,
        6
      ],
      3.076640926259839
    ],
    [
      [
        5,
        7
      ],
      4.886775330860424
    ],
    [
      [
        6,
        7
      ],
      3.6900770231268885
    ],
    [
      [
        0,
        1,
        2
      ],
      2.3004705504904863
    ],
    [
      [
        0,
        1,
        3
      ],
      2.2568117230599896
    ],
    [
      [
        0,
        1,
        4
      ],
      16.011854818741458
    ],
    [
      [
        0,
        1,
        5
      ],
      13.319704885920672
    ],
    [
      [
        0,
        1,
        6
      ],
      15.747989123336033
    ],
    [
      [
        0,
        1,
        7
      ],
      18.17814686410331
    ],
    [
      [
        0,
        2,
        3
      ],
      2.3004705504904863
    ],
    [
      [
        0,
        2,
        4
      ],
      15.063540870703441
    ],
    [
      [
        0,
        2,
        5
      ],
      12.449436474199626
    ],
    [
      [
        0,
        2,
        6
      ],
      15.052193329190303
    ],
    [
      [
        0,
        2,
        7
      ],
      17.243626197134468
    ],
    [
      [
        0,
        3,
        4
      ],
      14.887602755732871
    ],
    [
      [
        0,
        3,
        5
      ],
      12.449436474199626
    ],
    [
      [
        0,
        3,
        6
      ],
      15.052193329190303
    ],
    [
      [
        0,
        3,
        7
      ],
      17.243626197134468
    ],
    [
      [
        0,
        4,
        5
      ],
      14.887602755732871
    ],
    [
      [
        0,
        4,
        6
      ],
      15.052193329190303
    ],
    [
      [
        0,
        4,
        7
      ],
      17.243626197134468
    ],
    [
      [
        0,
        5,
        6
      ],
      15.052193329190303
    ],
    [
      [
        0,
        5,
        7
      ],
      17.243626197134468
    ],
    [
      [
        0,
        6,
        7
      ],
      17.243626197134468
    ],
    [
      [
        1,
        2,
        3
      ],
      2.2568117230599896
    ],
    [
      [
        1,
        2,
        4
      ],
      16.011854818741458
    ],
    [
      [
        1,
        2,
        5
      ],
      13.319704885920672
    ],
    [
      [
        1,
        2,
        6
      ],
      15.747989123336033
    ],
    [
      [
        1,
        2,
        7
      ],
      18.17814686410331
    ],
    [
      [
        1,
        3,
        4
      ],
      16.011854818741458
    ],
    [
      [
        1,
        3,
        5
      ],
      13.319704885920672
    ],
    [
      [
        1,
        3,
        6
      ],
      15.747989123336033
    ],
    [
      [
        1,
        3,
        7
      ],
      18.17814686410331
    ],
    [
      [
        1,
        4,
        5
      ],
      16.011854818741458
    ],
    [
      [
        1,
        4,
        6
      ],
      16.011854818741458
    ],
    [
      [
        1,
        4,
        7
      ],
      18.17814686410331
    ],
    [
      [
        1,
        5,
        6
      ],
      15.747989123336033
    ],
    [
      [
        1,
        5,
        7
      ],
      18.17814686410331
    ],
    [
      [
        1,
        6,
        7
      ],
      18.17814686410331
    ],
    [
      [
        2,
        3,
        4
      ],
      15.063540870703441
    ],
    [
      [
        2,
        3,
        5
      ],
      12.155097569803624
    ],
    [
      [
        2,
        3,
        6
      ],
      14.447521142572556
    ],
    [
      [
        2,
        3,
        7
      ],
      17.038473175092594
    ],
    [
      [
        2,
        4,
        5
      ],
      15.063540870703441
    ],
    [
      [
        2,
        4,
        6
      ],
      15.063540870703441
    ],
    [
      [
        2,
        4,
        7
      ],
      17.038473175092594
    ],
    [
      [
        2,
        5,
        6
      ],
      14.447521142572556
    ],
    [
      [
        2,
        5,
        7
      ],
      17.038473175092594
    ],
    [
      [
        2,
        6,
        7
      ],
      17.038473175092594
    ],
    [
      [
        3,
        4,
        5
      ],
      13.759348491004832
    ],
    [
      [
        3,
        4,
        6
      ],
      13.759348491004832
    ],
    [
      [
        3,
        4,
        7
      ],
      15.933869616343609
    ],
    [
      [
        3,
        5,
        6
      ],
      13.581460273170075
    ],
    [
      [
        3,
        5,
        7
      ],
      15.933869616343609
    ],
    [
      [
        3,
        6,
        7
      ],
      15.933869616343609
    ],
    [
      [
        4,
        5,
        6
      ],
      5.070787918348982
    ],
    [
      [
        4,
        5,
        7
      ],
      4.886775330860424
    ],
    [
      [
        4,
        6,
        7
      ],
      5.070787918348982
    ],
    [
      [
        5,
        6,
        7
      ],
      4.886775330860424
    ]
  ]
}
