{
  "barcode": [
    [
      3.7226462573885524,
      1.5333673826095948
    ],
    [
      4.730685767262501,
      2.097314961140792
    ]
  ],
  "persistence": [
    1.0080395098739485,
    0.5639475785311974
  ],
  "barcodeJL": [
    [
      1.5333673826095973,
      3.7226462573885524
    ],
    [
      2.0973149611407944,
      4.730685767262502
    ]
  ],
  "representatives": [
    [
      4,
      2,
      3,
      1
    ],
    [
      5,
      6,
      7,
      8
    ]
  ],
  "filtration": [
    [
      [
        0
      ],
      0.0
    ],
    [
      [
        1
      ],
      0.0
    ],
    [
      [
        2
      ],
      0.0
    ],
    [
      [
        3
      ],
      0.0
    ],
    [
      [
        4
      ],
      0.0
    ],
    [
      [
        5
      ],
      0.0
    ],
    [
      [
        6
      ],
      0.0
    ],
    [
      [
        7
      ],
      0.0
    ],
    [
      [
        0,
        1
      ],
      1.4846702746596634
    ],
    [
      [
        0,
        2
      ],
      2.1414849540115855
    ],
    [
      [
        0,
        3
      ],
      1.5208270910938566
    ],
    [
      [
        0,
        4
      ],
      14.865520199813426
    ],
    [
      [
        0,
        5
      ],
      12.496615936165359
    ],
    [
      [
        0,
        6
      ],
      15.022007855148027
    ],
    [
      [
        0,
        7
      ],
      17.147557947849425
    ],
    [
      [
        1,
        2
      ],
      1.4570139532434143
    ],
    [
      [
        1,
        3
      ],
      2.097314961140792
    ],
    [
      [
        1,
        4
      ],
      15.909754765375517
    ],
    [
      [
        1,
        5
      ],
      13.313889925154331
    ],
    [
      [
        1,
        6
      ],
      15.67968008932086
    ],
    [
      [
        1,
        7
      ],
      18.019615210728283
    ],
    [
      [
        2,
        3
      ],
      1.5333673826095948
    ],
    [
      [
        2,
        4
      ],
      15.015957823979695
    ],
    [
      [
        2,
        5
      ],
      12.22550117208027
    ],
    [
      [
        2,
        6
      ],
      14.467353854406237
    ],
    [
      [
        2,
        7
      ],
      16.95293356523702
    ],
    [
      [
        3,
        4
      ],
      13.81594689247675
    ],
    [
      [
        3,
        5
      ],
      11.237464572501173
    ],
    [
      [
        3,
        6
      ],
      13.662330995959072
    ],
    [
      [
        3,
        7
      ],
      15.933769445711802
    ],
    [
      [
        4,
        5
      ],
      3.7226462573885524
    ],
    [
      [
        4,
        6
      ],
      4.913256176676522
    ],
    [
      [
        4,
        7
      ],
      3.3293771303354927
    ],
    [
      [
        5,
        6
      ],
      3.0057280980426353
    ],
    [
      [
        5,
        7
      ],
      4.730685767262501
    ],
    [
      [
        6,
        7
      ],
      3.5594740019012643
    ],
    [
      [
        0,
        1,
        2
      ],
      2.1414849540115855
    ],
    [
      [
        0,
        1,
        3
      ],
      2.097314961140792
    ],
    [
      [
        0,
        1,
        4
      ],
      15.909754765375517
    ],
    [
      [
        0,
        1,
        5
      ],
      13.313889925154331
    ],
    [
      [
        0,
        1,
        6
      ],
      15.67968008932086
    ],
    [
      [
        0,
        1,
        7
      ],
      18.019615210728283
    ],
    [
      [
        0,
        2,
        3
      ],
      2.1414849540115855
    ],
    [
      [
        0,
        2,
        4
      ],
      15.015957823979695
    ],
    [
      [
        0,
        2,
        5
      ],
      12.496615936165359
    ],
    [
      [
        0,
        2,
        6
      ],
      15.022007855148027
    ],
    [
      [
        0,
        2,
        7
      ],
      17.147557947849425
    ],
    [
      [
        0,
        3,
        4
      ],
      14.865520199813426
    ],
    [
      [
        0,
        3,
        5
      ],
      12.496615936165359
    ],
    [
      [
        0,
        3,
        6
      ],
      15.022007855148027
    ],
    [
      [
        0,
        3,
        7
      ],
      17.147557947849425
    ],
    [
      [
        0,
        4,
        5
      ],
      14.865520199813426
    ],
    [
      [
        0,
        4,
        6
      ],
      15.022007855148027
    ],
    [
      [
        0,
        4,
        7
      ],
      17.147557947849425
    ],
    [
      [
        0,
        5,
        6
      ],
      15.022007855148027
    ],
    [
      [
        0,
        5,
        7
      ],
      17.147557947849425
    ],
    [
      [
        0,
        6,
        7
      ],
      17.147557947849425
    ],
    [
      [
        1,
        2,
        3
      ],
      2.097314961140792
    ],
    [
      [
        1,
        2,
        4
      ],
      15.909754765375517
    ],
    [
      [
        1,
        2,
        5
      ],
      13.313889925154331
    ],
    [
      [
        1,
        2,
        6
      ],
      15.67968008932086
    ],
    [
      [
        1,
        2,
        7
      ],
      18.019615210728283
    ],
    [
      [
        1,
        3,
        4
      ],
      15.909754765375517
    ],
    [
      [
        1,
        3,
        5
      ],
      13.313889925154331
    ],
    [
      [
        1,
        3,
        6
      ],
      15.67968008932086
    ],
    [
      [
        1,
        3,
        7
      ],
      18.019615210728283
    ],
    [
      [
        1,
        4,
        5
      ],
      15.909754765375517
    ],
    [
      [
        1,
        4,
        6
      ],
      15.909754765375517
    ],
    [
      [
        1,
        4,
        7
      ],
      18.019615210728283
    ],
    [
      [
        1,
        5,
        6
      ],
      15.67968008932086
    ],
    [
      [
        1,
        5,
        7
      ],
      18.019615210728283
    ],
    [
      [
        1,
        6,
        7
      ],
      18.019615210728283
    ],
    [
      [
        2,
        3,
        4
      ],
      15.015957823979695
    ],
    [
      [
        2,
        3,
        5
      ],
      12.22550117208027
    ],
    [
      [
        2,
        3,
        6
      ],
      14.467353854406237
    ],
    [
      [
        2,
        3,
        7
      ],
      16.95293356523702
    ],
    [
      [
        2,
        4,
        5
      ],
      15.015957823979695
    ],
    [
      [
        2,
        4,
        6
      ],
      15.015957823979695
    ],
    [
      [
        2,
        4,
        7
      ],
      16.95293356523702
    ],
    [
      [
        2,
        5,
        6
      ],
      14.467353854406237
    ],
    [
      [
        2,
        5,
        7
      ],
      16.95293356523702
    ],
    [
      [
        2,
        6,
        7
      ],
      16.95293356523702
    ],
    [
      [
        3,
        4,
        5
      ],
      13.81594689247675
    ],
    [
      [
        3,
        4,
        6
      ],
      13.81594689247675
    ],
    [
      [
        3,
        4,
        7
      ],
      15.933769445711802
    ],
    [
      [
        3,
        5,
        6
      ],
      13.662330995959072
    ],
    [
      [
        3,
        5,
        7
      ],
      15.933769445711802
    ],
    [
      [
        3,
        6,
        7
      ],
      15.933769445711802
    ],
    [
      [
        4,
        5,
        6
      ],
      4.913256176676522
    ],
    [
      [
        4,
        5,
        7
      ],
      4.730685767262501
    ],
    [
      [
        4,
        6,
        7
      ],
      4.913256176676522
    ],
    [
      [
        5,
        6,
        7
      ],
      4.730685767262501
    ]
  ]
}
