{
  "barcode": [
    [
      3.5860074185224438,
      1.4148043627275833
    ],
    [
      4.5742904707273455,
      1.937807638103948
    ]
  ],
  "persistence": [
    0.9882830522049018,
    0.5230032753763647
  ],
  "barcodeJL": [
    [
      1.4148043627275768,
      3.5860074185224433
    ],
    [
      1.937807638103951,
      4.5742904707273455
    ]
  ],
  "representatives": [
    [
      4,
      2,
      3,
      1
    ],
    [
      5,
      6,
      7,
      8
    ]
  ],
  "filtration": [
    [
      [
        0
      ],
      0.0
    ],
    [
      [
        1
      ],
      0.0
    ],
    [
      [
        2
      ],
      0.0
    ],
    [
      [
        3
      ],
      0.0
    ],
    [
      [
        4
      ],
      0.0
    ],
    [
      [
        5
      ],
      0.0
    ],
    [
      [
        6
      ],
      0.0
    ],
    [
      [
        7
      ],
      0.0
    ],
    [
      [
        0,
        1
      ],
      1.3731577870765617
    ],
    [
      [
        0,
        2
      ],
      1.982426962047783
    ],
    [
      [
        0,
        3
      ],
      1.4055075315098817
    ],
    [
      [
        0,
        4
      ],
      14.84416505169644
    ],
    [
      [
        0,
        5
      ],
      12.545698388045283
    ],
    [
      [
        0,
        6
      ],
      14.992005630779358
    ],
    [
      [
        0,
        7
      ],
      17.05177648479797
    ],
    [
      [
        1,
        2
      ],
      1.351725828942023
    ],
    [
      [
        1,
        3
      ],
      1.937807638103948
    ],
    [
      [
        1,
        4
      ],
      15.808591825853084
    ],
    [
      [
        1,
        5
      ],
      13.30861026859112
    ],
    [
      [
        1,
        6
      ],
      15.609945036270853
    ],
    [
      [
        1,
        7
      ],
      17.860986357435863
    ],
    [
      [
        2,
        3
      ],
      1.4148043627275833
    ],
    [
      [
        2,
        4
      ],
      14.971187294325192
    ],
    [
      [
        2,
        5
      ],
      12.297337286912562
    ],
    [
      [
        2,
        6
      ],
      14.486408326925416
    ],
    [
      [
        2,
        7
      ],
      16.868492657242527
    ],
    [
      [
        3,
        4
      ],
      13.873585979280952
    ],
    [
      [
        3,
        5
      ],
      11.389082303981167
    ],
    [
      [
        3,
        6
      ],
      13.742524031730815
    ],
    [
      [
        3,
        7
      ],
      15.933623969177697
    ],
    [
      [
        4,
        5
      ],
      3.5860074185224438
    ],
    [
      [
        4,
        6
      ],
      4.755473265029885
    ],
    [
      [
        4,
        7
      ],
      3.228767384917192
    ],
    [
      [
        5,
        6
      ],
      2.93217538120727
    ],
    [
      [
        5,
        7
      ],
      4.5742904707273455
    ],
    [
      [
        6,
        7
      ],
      3.4300914997079888
    ],
    [
      [
        0,
        1,
        2
      ],
      1.982426962047783
    ],
    [
      [
        0,
        1,
        3
      ],
      1.937807638103948
    ],
    [
      [
        0,
        1,
        4
      ],
      15.808591825853084
    ],
    [
      [
        0,
        1,
        5
      ],
      13.30861026859112
    ],
    [
      [
        0,
        1,
        6
      ],
      15.609945036270853
    ],
    [
      [
        0,
        1,
        7
      ],
      17.860986357435863
    ],
    [
      [
        0,
        2,
        3
      ],
      1.982426962047783
    ],
    [
      [
        0,
        2,
        4
      ],
      14.971187294325192
    ],
    [
      [
        0,
        2,
        5
      ],
      12.545698388045283
    ],
    [
      [
        0,
        2,
        6
      ],
      14.992005630779358
    ],
    [
      [
        0,
        2,
        7
      ],
      17.05177648479797
    ],
    [
      [
        0,
        3,
        4
      ],
      14.84416505169644
    ],
    [
      [
        0,
        3,
        5
      ],
      12.545698388045283
    ],
    [
      [
        0,
        3,
        6
      ],
      14.992005630779358
    ],
    [
      [
        0,
        3,
        7
      ],
      17.05177648479797
    ],
    [
      [
        0,
        4,
        5
      ],
      14.84416505169644
    ],
    [
      [
        0,
        4,
        6
      ],
      14.992005630779358
    ],
    [
      [
        0,
        4,
        7
      ],
      17.05177648479797
    ],
    [
      [
        0,
        5,
        6
      ],
      14.992005630779358
    ],
    [
      [
        0,
        5,
        7
      ],
      17.05177648479797
    ],
    [
      [
        0,
        6,
        7
      ],
      17.05177648479797
    ],
    [
      [
        1,
        2,
        3
      ],
      1.937807638103948
    ],
    [
      [
        1,
        2,
        4
      ],
      15.808591825853084
    ],
    [
      [
        1,
        2,
        5
      ],
      13.30861026859112
    ],
    [
      [
        1,
        2,
        6
      ],
      15.609945036270853
    ],
    [
      [
        1,
        2,
        7
      ],
      17.860986357435863
    ],
    [
      [
        1,
        3,
        4
      ],
      15.808591825853084
    ],
    [
      [
        1,
        3,
        5
      ],
      13.30861026859112
    ],
    [
      [
        1,
        3,
        6
      ],
      15.609945036270853
    ],
    [
      [
        1,
        3,
        7
      ],
      17.860986357435863
    ],
    [
      [
        1,
        4,
        5
      ],
      15.808591825853084
    ],
    [
      [
        1,
        4,
        6
      ],
      15.808591825853084
    ],
    [
      [
        1,
        4,
        7
      ],
      17.860986357435863
    ],
    [
      [
        1,
        5,
        6
      ],
      15.609945036270853
    ],
    [
      [
        1,
        5,
        7
      ],
      17.860986357435863
    ],
    [
      [
        1,
        6,
        7
      ],
      17.860986357435863
    ],
    [
      [
        2,
        3,
        4
      ],
      14.971187294325192
    ],
    [
      [
        2,
        3,
        5
      ],
      12.297337286912562
    ],
    [
      [
        2,
        3,
        6
      ],
      14.486408326925416
    ],
    [
      [
        2,
        3,
        7
      ],
      16.868492657242527
    ],
    [
      [
        2,
        4,
        5
      ],
      14.971187294325192
    ],
    [
      [
        2,
        4,
        6
      ],
      14.971187294325192
    ],
    [
      [
        2,
        4,
        7
      ],
      16.868492657242527
    ],
    [
      [
        2,
        5,
        6
      ],
      14.486408326925416
    ],
    [
      [
        2,
        5,
        7
      ],
      16.868492657242527
    ],
    [
      [
        2,
        6,
        7
      ],
      16.868492657242527
    ],
    [
      [
        3,
        4,
        5
      ],
      13.873585979280952
    ],
    [
      [
        3,
        4,
        6
      ],
      13.873585979280952
    ],
    [
      [
        3,
        4,
        7
      ],
      15.933623969177697
    ],
    [
      [
        3,
        5,
        6
      ],
      13.742524031730815
    ],
    [
      [
        3,
        5,
        7
      ],
      15.933623969177697
    ],
    [
      [
        3,
        6,
        7
      ],
      15.933623969177697
    ],
    [
      [
        4,
        5,
        6
      ],
      4.755473265029885
    ],
    [
      [
        4,
        5,
        7
      ],
      4.5742904707273455
    ],
    [
      [
        4,
        6,
        7
      ],
      4.755473265029885
    ],
    [
      [
        5,
        6,
        7
      ],
      4.5742904707273455
    ]
  ]
}
