{
  "barcodeJL": [
    [
      1.2025703115148814
    ],
    [
      3.5368627511003305
    ]
  ],
  "representatives": [
    [
      5,
      20,
      12,
      8,
      1,
      19,
      6,
      11,
      9,
      14,
      3,
      7,
      13,
      4,
      2,
      10
    ]
  ]
}
