{
  "barcode": [
    [
      1.9544044289023192,
      1.9620745189095137,
      1.7396897847515804
    ],
    [
      1.986360330098746,
      2.031962063192618,
      2.1485611784233654
    ]
  ],
  "representatives": [
    [
      5,
      4,
      20,
      7,
      10,
      8,
      3
    ],
    [
      13,
      20,
      11,
      10,
      19
    ],
    [
      5,
      12,
      8,
      1,
      6,
      11,
      14,
      3,
      7,
      13,
      4,
      10
    ]
  ]
}
