{
  "Vine1": {
    "times": [
      0,
      1
    ],
    "T": 1,
    "births": [
      0.0,
      0.0
    ],
    "deaths": [
      "inf",
      "inf"
    ],
    "persistence": [
      "inf",
      "inf"
    ],
    "vertex_times": [
      0,
      1
    ],
    "dist_from_diag": "inf"
  },
  "Vine2": {
    "times": [
      0,
      1
    ],
    "T": 1,
    "births": [
      0.0,
      0.0
    ],
    "deaths": [
      1.9225218918027953,
      1.9225218918027953
    ],
    "persistence": [
      1.9225218918027953,
      1.9225218918027953
    ],
    "vertex_times": [
      0,
      1
    ],
    "dist_from_diag": 1.3594282666733466
  },
  "Vine3": {
    "times": [
      0,
      1
    ],
    "T": 1,
    "births": [
      0.0,
      0.0
    ],
    "deaths": [
      1.9220338583617613,
      1.9220338583617613
    ],
    "persistence": [
      1.9220338583617613,
      1.9220338583617613
    ],
    "vertex_times": [
      0,
      1
    ],
    "dist_from_diag": 1.3590831749177454
  },
  "Vine4": {
    "times": [
      0,
      1
    ],
    "T": 1,
    "births": [
      0.0,
      0.0
    ],
    "deaths": [
      1.921718980431062,
      1.921718980431062
    ],
    "persistence": [
      1.921718980431062,
      1.921718980431062
    ],
    "vertex_times": [
      0,
      1
    ],
    "dist_from_diag": 1.358860522597702
  },
  "Vine5": {
    "times": [
      0,
      1
    ],
    "T": 1,
    "births": [
      0.0,
      0.0
    ],
    "deaths": [
      1.9213447965766062,
      1.9213447965766062
    ],
    "persistence": [
      1.9213447965766062,
      1.9213447965766062
    ],
    "vertex_times": [
      0,
      1
    ],
    "dist_from_diag": 1.3585959346568057
  },
  "Vine6": {
    "times": [
      0,
      1
    ],
    "T": 1,
    "births": [
      0.0,
      0.0
    ],
    "deaths": [
      1.9205669388230135,
      1.9205669388230135
    ],
    "persistence": [
      1.9205669388230135,
      1.9205669388230135
    ],
    "vertex_times": [
      0,
      1
    ],
    "dist_from_diag": 1.3580459061644419
  },
  "Vine7": {
    "times": [
      0,
      1
    ],
    "T": 1,
    "births": [
      0.0,
      0.0
    ],
    "deaths": [
      1.9199322501848861,
      1.9199322501848861
    ],
    "persistence": [
      1.9199322501848861,
      1.9199322501848861
    ],
    "vertex_times": [
      0,
      1
    ],
    "dist_from_diag": 1.35759711352448
  },
  "Vine8": {
    "times": [
      0,
      1
    ],
    "T": 1,
    "births": [
      0.0,
      0.0
    ],
    "deaths": [
      1.9197404919675987,
      1.9197404919675987
    ],
    "persistence": [
      1.9197404919675987,
      1.9197404919675987
    ],
    "vertex_times": [
      0,
      1
    ],
    "dist_from_diag": 1.3574615199886877
  },
  "Vine9": {
    "times": [
      0,
      1
    ],
    "T": 1,
    "births": [
      0.0,
      0.0
    ],
    "deaths": [
      1.9197018202278213,
      1.9197018202278213
    ],
    "persistence": [
      1.9197018202278213,
      1.9197018202278213
    ],
    "vertex_times": [
      0,
      1
    ],
    "dist_from_diag": 1.357434174939251
  },
  "Vine10": {
    "times": [
      0,
      1
    ],
    "T": 1,
    "births": [
      0.0,
      0.0
    ],
    "deaths": [
      1.9194880371849155,
      1.9194880371849155
    ],
    "persistence": [
      1.9194880371849155,
      1.9194880371849155
    ],
    "vertex_times": [
      0,
      1
    ],
    "dist_from_diag": 1.3572830074999096
  },
  "Vine11": {
    "times": [
      0,
      1
    ],
    "T": 1,
    "births": [
      0.0,
      0.0
    ],
    "deaths": [
      1.9194698409407218,
      1.9194698409407218
    ],
    "persistence": [
      1.9194698409407218,
      1.9194698409407218
    ],
    "vertex_times": [
      0,
      1
    ],
    "dist_from_diag": 1.357270140812248
  },
  "Vine12": {
    "times": [
      0,
      1
    ],
    "T": 1,
    "births": [
      0.0,
      0.0
    ],
    "deaths": [
      1.9194567382262122,
      1.9194567382262122
    ],
    "persistence": [
      1.9194567382262122,
      1.9194567382262122
    ],
    "vertex_times": [
      0,
      1
    ],
    "dist_from_diag": 1.3572608757939664
  },
  "Vine13": {
    "times": [
      0,
      1
    ],
    "T": 1,
    "births": [
      0.0,
      0.0
    ],
    "deaths": [
      1.918920382022402,
      1.918920382022402
    ],
    "persistence": [
      1.918920382022402,
      1.918920382022402
    ],
    "vertex_times": [
      0,
      1
    ],
    "dist_from_diag": 1.3568816146851206
  },
  "Vine14": {
    "times": [
      0,
      1
    ],
    "T": 1,
    "births": [
      0.0,
      0.0
    ],
    "deaths": [
      1.9187654843195407,
      1.9187654843195407
    ],
    "persistence": [
      1.9187654843195407,
      1.9187654843195407
    ],
    "vertex_times": [
      0,
      1
    ],
    "dist_from_diag": 1.3567720854690373
  },
  "Vine15": {
    "times": [
      0,
      1
    ],
    "T": 1,
    "births": [
      0.0,
      0.0
    ],
    "deaths": [
      1.9187226698509607,
      1.9187226698509607
    ],
    "persistence": [
      1.9187226698509607,
      1.9187226698509607
    ],
    "vertex_times": [
      0,
      1
    ],
    "dist_from_diag": 1.3567418110679714
  },
  "Vine16": {
    "times": [
      0,
      1
    ],
    "T": 1,
    "births": [
      0.0,
      0.0
    ],
    "deaths": [
      1.917864853727968,
      1.917864853727968
    ],
    "persistence": [
      1.917864853727968,
      1.917864853727968
    ],
    "vertex_times": [
      0,
      1
    ],
    "dist_from_diag": 1.3561352434703922
  },
  "Vine17": {
    "times": [
      0,
      1
    ],
    "T": 1,
    "births": [
      0.0,
      0.0
    ],
    "deaths": [
      1.9174696439511107,
      1.9174696439511107
    ],
    "persistence": [
      1.9174696439511107,
      1.9174696439511107
    ],
    "vertex_times": [
      0,
      1
    ],
    "dist_from_diag": 1.355855787957185
  },
  "Vine18": {
    "times": [
      0,
      1
    ],
    "T": 1,
    "births": [
      0.0,
      0.0
    ],
    "deaths": [
      1.917442879279589,
      1.917442879279589
    ],
    "persistence": [
      1.917442879279589,
      1.917442879279589
    ],
    "vertex_times": [
      0,
      1
    ],
    "dist_from_diag": 1.3558368624764559
  },
  "Vine19": {
    "times": [
      0,
      1
    ],
    "T": 1,
    "births": [
      0.0,
      0.0
    ],
    "deaths": [
      1.9157563154274087,
      1.9157563154274087
    ],
    "persistence": [
      1.9157563154274087,
      1.9157563154274087
    ],
    "vertex_times": [
      0,
      1
    ],
    "dist_from_diag": 1.354644281739675
  },
  "Vine20": {
    "times": [
      0,
      1
    ],
    "T": 1,
    "births": [
      0.0,
      0.0
    ],
    "deaths": [
      1.915610733604299,
      1.915610733604299
    ],
    "persistence": [
      1.915610733604299,
      1.915610733604299
    ],
    "vertex_times": [
      0,
      1
    ],
    "dist_from_diag": 1.3545413398453368
  },
  "Vine21": {
    "times": [
      0,
      1
    ],
    "T": 1,
    "births": [
      0.0,
      0.0
    ],
    "deaths": [
      1.915385525872011,
      1.915385525872011
    ],
    "persistence": [
      1.915385525872011,
      1.915385525872011
    ],
    "vertex_times": [
      0,
      1
    ],
    "dist_from_diag": 1.3543820939306601
  },
  "Vine22": {
    "times": [
      0,
      1
    ],
    "T": 1,
    "births": [
      0.0,
      0.0
    ],
    "deaths": [
      1.9140976410570074,
      1.9140976410570074
    ],
    "persistence": [
      1.9140976410570074,
      1.9140976410570074
    ],
    "vertex_times": [
      0,
      1
    ],
    "dist_from_diag": 1.353471421844584
  },
  "Vine23": {
    "times": [
      0,
      1
    ],
    "T": 1,
    "births": [
      0.0,
      0.0
    ],
    "deaths": [
      1.9138515279143258,
      1.9138515279143258
    ],
    "persistence": [
      1.9138515279143258,
      1.9138515279143258
    ],
    "vertex_times": [
      0,
      1
    ],