{
  "Vine1": {
    "times": [
      0,
      1
    ],
    "T": 1,
    "births": [
      1.9200299498520854,
      1.9200299498520854
    ],
    "deaths": [
      7.128503213018074,
      7.128503213018074
    ],
    "persistence": [
      5.208473263165988,
      5.208473263165988
    ],
    "vertex_times": [
      0,
      1
    ],
    "dist_from_diag": 3.6829467640134954
  },
  "Vine2": {
    "times": [
      0,
      1
    ],
    "T": 1,
    "births": [
      1.9225488167203972,
      1.9225488167203972
    ],
    "deaths": [
      5.705497578994317,
      5.705497578994317
    ],
    "persistence": [
      3.7829487622739197,
      3.7829487622739197
    ],
    "vertex_times": [
      0,
      1
    ],
    "dist_from_diag": 2.674948722685145
  },
  "Vine3": {
    "times": [
      0,
      1
    ],
    "T": 1,
    "births": [
      1.92276003944382,
      1.92276003944382
    ],
    "deaths": [
      5.40429973420063,
      5.40429973420063
    ],
    "persistence": [
      3.48153969475681,
      3.48153969475681
    ],
    "vertex_times": [
      0,
      1
    ],
    "dist_from_diag": 2.461820327132683
  },
  "Vine4": {
    "times": [
      0,
      1
    ],
    "T": 1,
    "births": [
      1.914156787230346,
      1.914156787230346
    ],
    "deaths": [
      4.004162529780728,
      4.004162529780728
    ],
    "persistence": [
      2.0900057425503817,
      2.0900057425503817
    ],
    "vertex_times": [
      0,
      1
    ],
    "dist_from_diag": 1.4778572332762006
  },
  "Vine5": {
    "times": [
      0,
      1
    ],
    "T": 1,
    "births": [
      4.111159796463888,
      4.111159796463888
    ],
    "deaths": [
      5.082149828244048,
      5.082149828244048
    ],
    "persistence": [
      0.9709900317801594,
      0.9709900317801594
    ],
    "vertex_times": [
      0,
      1
    ],
    "dist_from_diag": 0.686593635936292
  },
  "Vine6": {
    "times": [
      0,
      1
    ],
    "T": 1,
    "births": [
      1.9127285726155712,
      1.9127285726155712
    ],
    "deaths": [
      2.0766687000337827,
      2.0766687000337827
    ],
    "persistence": [
      0.1639401274182115,
      0.1639401274182115
    ],
    "vertex_times": [
      0,
      1
    ],
    "dist_from_diag": 0.115923175806004
  },
  "Vine7": {
    "times": [
      0,
      1
    ],
    "T": 1,
    "births": [
      1.9120356394690972,
      1.9120356394690972
    ],
    "deaths": [
      2.0655512483112104,
      2.0655512483112104
    ],
    "persistence": [
      0.15351560884211324,
      0.15351560884211324
    ],
    "vertex_times": [
      0,
      1
    ],
    "dist_from_diag": 0.10855192803023977
  },
  "Computational Time": 48.84207010269165
}