{
  "Vine1": {
    "times": [
      0,
      0.7525997856046395,
      0.9064368021479109,
      1.0505560787385686,
      1.0505560787385686,
      1.9791687703424832,
      2.060576838282741,
      2.060576838282741,
      3.1975575865174957,
      6.226523552108318,
      16.02612205313614,
      18.680026061748613,
      23.0,
      24
    ],
    "T": 24,
    "births": [
      1.329812987667765,
      1.2281493069188751,
      1.2073684913561231,
      1.1947296635777733,
      1.1930579966898727,
      1.1930579966898727,
      1.1623528643502783,
      1.1616640673208884,
      1.1621451961066418,
      1.1621451961066418,
      1.1696065218859106,
      1.1714788112773613,
      1.2109797951922845,
      1.2113456704303858,
      1.2076911523262388,
      1.2067393053729578,
      1.2034891744549674,
      1.198602826094454,
      1.1933215450825985,
      1.1879952809477454,
      1.1828523308208532,
      1.1749559197208028,
      1.1679803783252771,
      1.158540660953179,
      1.1491142320861873,
      1.1416486194472986,
      1.14149094592682,
      1.135612588525197,
      1.1264216715414823,
      1.12181904403715,
      1.1196533610851196,
      1.1143620912280023,
      1.1100501543763668,
      1.1064307903058956,
      1.10332325826928,
      1.1006060799124533
    ],
    "deaths": [
      2.564806491468755,
      2.6851483788224146,
      2.660552446935785,
      2.6434694858595114,
      2.644711073091452,
      2.644711073091452,
      2.6285067717262924,
      2.62640948816478,
      2.632719411459137,
      2.632719411459137,
      2.703686081954475,
      2.715640904166681,
      2.7641991830858634,
      2.7888227900951073,
      2.794382617225148,
      2.7997142103972905,
      2.7428485432426046,
      2.6814517284102757,
      2.657872239562057,
      2.6458456916732316,
      2.6330630514752387,
      2.610231611075739,
      2.585841477728535,
      2.544715906571439,
      2.491754192377372,
      2.4388780473439367,
      2.437525819509162,
      2.3712279759395614,
      2.2409987864890017,
      2.158620843870425,
      2.108394531451682,
      1.9597854378680128,
      1.8197318825792905,
      1.6884789859072153,
      1.5663146500564347,
      1.4535016957230877
    ],
    "vertex_times": [
      0,
      0.7525997856046395,
      0.9064368021479109,
      1,
      1.0505560787385686,
      1.0505560787385686,
      1.9791687703424832,
      2,
      2.060576838282741,
      2.060576838282741,
      3,
      3.1975575865174957,
      4,
      5,
      6,
      6.226523552108318,
      7,
      8,
      9,
      10,
      11,
      12,
      13,
      14,
      15,
      16,
      16.02612205313614,
      17,
      18,
      18.680026061748613,
      19,
      20,
      21,
      22,
      23,
      24
    ],
    "dist_from_diag": 21.369573735296306
  },
  "Vine2": {
    "times": [
      0,
      0.2909706796313997,
      1.5903101305634686,
      2.00954708644483,
      2.6718810181634716,
      2.6718810181634716,
      4.301683807591424,
      4.301683807591424,
      4.410717349076036,
      14.49483347035617,
      14.637214689113963,
      16.09671816734353,
      16.170943856526527,
      16.184220284137613,
      17.750517814482148,
      17.750517814482148,
      24
    ],
    "T": 24,
    "births": [
      1.498042294195503,
      1.4240937736488295,
      1.2438980600054772,
      1.2178474695377601,
      1.1997677137367269,
      1.1996545237413585,
      1.2765128273184116,
      1.2765128273184116,
      1.3145882860978637,
      1.3269950355561175,
      1.32012015839987,
      1.32012015839987,
      1.317635463547992,
      1.304206682375564,
      1.2849214374955034,
      1.2678111813846704,
      1.252479423299154,
      1.238911707898281,
      1.2270317656215064,
      1.2166773134305822,
      1.2022733147030333,
      1.190693449260805,
      1.1763798065747768,
      1.169943383048099,
      1.168091394690258,
      1.1633725548178475,
      1.1538225483685831,
      1.1531147260546675,
      1.152571512711068,
      1.152474350492528,
      1.1465041475618192,
      1.138557166120266,
      1.138557166120266,
      1.1359154829249423,
      1.1284264573419156,
      1.122656954346966,
      1.117940949780005,
      1.1139252374474125,
      1.1104062575357252,
      1.1072589747264876
    ],
    "deaths": [
      2.456597004236859,
      2.536049646434467,
      2.4099400731243708,
      2.4282577600575634,
      2.4223453690108485,
      2.4242961547893094,
      2.5596329009322814,
      2.5596329009322814,
      2.617582631756161,
      2.7662342608073947,
      2.79435457645937,
      2.79435457645937,
      2.802170167810316,
      2.738356695399228,
      2.649655321553762,
      2.576945396334737,
      2.5622313982393123,
      2.559174480233095,
      2.553449149638128,
      2.5453612326845825,
      2.52767526792801,
      2.5061945517043442,
      2.467188515686952,
      2.4413168397159497,
      2.433872636813897,
      2.4149049141909162,
      2.361959610973489,
      2.356931382814569,
      2.351225208520347,
      2.349930036587761,
      2.2703472585913733,
      2.1319874689834664,
      2.1319874689834664,
      2.085994819597804,
      1.914687285324368,
      1.755428960923509,
      1.6076703281319467,
      1.4712252737224403,
      1.3461259518721878,
      1.2324778930348774
    ],
    "vertex_times": [
      0,
      0.2909706796313997,
      1,
      1.5903101305634686,
      2,
      2.00954708644483,
      2.6718810181634716,
      2.6718810181634716,
      3,
      4,
      4.301683807591424,
      4.301683807591424,
      4.410717349076036,
      5,
      6,
      7,
      8,
      9,
      10,
      11,
      12,
      13,
      14,
      14.49483347035617,
      14.637214689113963,
      15,
      16,
      16.09671816734353,
      16.170943856526527,
      16.184220284137613,
      17,
      17.750517814482148,
      17.750517814482148,
      18,
      19,
      20,
      21,
      22,
      23,
      24
    ],
    "dist_from_diag": 18.46625700932138
  },
  "Vine3": {
    "times": [
      0,
      15.15447407403915,
      24
    ],
    "T": 24,
    "births": [
      1.2189396015380172,
      1.4374931109582827,
      1.4907460775766048,
      1.339121824213719,
      1.2391471867634134,
      1.1936118658369048,
      1.161327615624469,
      1.135597643784113,
      1.1141723101276126,
      1.0959241953245038,
      1.0801729233932227,
      1.066441571016294,
      1.0470712206357908,
      1.0309856961512742,
      1.0097453155308804,
      0.9875841642557933,
      0.9844913697510491,
      0.9675627171360629,
      0.9481469649461716,
      0.9087807416479265,
      0.8680470063970022,
      0.8266824674213429,
      0.7856845144063968,
      0.7458560374135936,
      0.7077699141832361,
      0.6718181582215278
    ],
    "deaths": [
      1.2189396015380172,
      1.4374931109582827,
      1.6086913948351618,
      1.5498129838648547,
      1.4374710573036074,
      1.3861995658196264,
      1.351322862239009,
      1.3247127750390333,
      1.3035094034026689,
      1.2860156677232573,
      1.2711987373485134,
      1.2584122648429847,
      1.2405153653675565,
      1.2258531780798572,
      1.2072902146121867,
      1.1901441827927455,
      1.1882193977843993,
      1.177104984175634,
      1.1676411888872549,
      1.155438162468451,
      1.187438999241911,
      1.2264580584558034,
      1.2623982539577256,
      1.2942728722898764,
      1.321846990936956,
      1.3452734141858749
    ],
    "vertex_times": [
      0,
      1,
      2,
      3,
      4,
      5,
      6,
      7,
      8,
      9,
      10,
      11,
      12,
      13,
      14,
      15,
      15.15447407403915,
      16,
      17,
      18,
      19,
      20,
      21,
      22,
      23,
      24
    ],
    "dist_from_diag": 4.257024324063417
  },
  "Vine4": {
    "times": [
      0,
      24
    ],
    "T": 24,