{
  "Vine1": {
    "times": [
      0,
      0.6817036019437618,
      7.085750677547933,
      14
    ],
    "T": 14,
    "births": [
      0.8316474779766965,
      0.8316474779766965,
      0.8316474779766965,
      0.8316474779766965,
      0.8316474779766965,
      0.8316474779766965,
      0.8316474779766965,
      0.8316474779766965,
      0.8316474779766965,
      0.8316474779766965,
      0.8316474779766965,
      0.8316474779766965,
      0.8316474779766965,
      0.8316474779766965,
      0.8316474779766965,
      0.8316474779766965,
      0.8316474779766965
    ],
    "deaths": [
      2.230190922023269,
      2.3623806676709904,
      2.367628149756207,
      2.54025129771013,
      2.716632153148085,
      2.8960842279736956,
      3.0780704110721704,
      3.2621666198276875,
      3.4480348976653357,
      3.464101878111843,
      3.464101878111843,
      3.464101878111843,
      3.464101878111843,
      3.464101878111843,
      3.464101878111843,
      3.464101878111843,
      3.464101878111843
    ],
    "persistence": [
      1.3985434440465727,
      1.530733189694294,
      1.5359806717795104,
      1.7086038197334334,
      1.8849846751713886,
      2.0644367499969993,
      2.2464229330954737,
      2.430519141850991,
      2.616387419688639,
      2.6324544001351464,
      2.6324544001351464,
      2.6324544001351464,
      2.6324544001351464,
      2.6324544001351464,
      2.6324544001351464,
      2.6324544001351464,
      2.6324544001351464
    ],
    "vertex_times": [
      0,
      0.6817036019437618,
      1,
      2,
      3,
      4,
      5,
      6,
      7,
      7.085750677547933,
      8,
      9,
      10,
      11,
      12,
      13,
      14
    ],
    "dist_from_diag": 22.85662883843459
  },
  "Vine2": {
    "times": [
      0,
      5.640293737478192,
      12.359706262521808,
      12.359706262521808,
      14
    ],
    "T": 14,
    "births": [
      1.841530519519294,
      1.6465827201574177,
      1.4530088280258313,
      1.2614414985725655,
      1.0729560355955876,
      0.8895137178936591,
      0.777778,
      0.777778,
      0.777778,
      0.777778,
      0.777778,
      0.777778,
      0.777778,
      0.777778,
      0.7777779999999999,
      0.7777779999999999,
      0.8895137178936589,
      1.0729560355955876
    ],
    "deaths": [
      1.841530519519294,
      1.6465827201574177,
      1.4530088280258313,
      1.2614414985725655,
      1.0729560355955876,
      0.8895137178936591,
      0.8179700374737191,
      0.777778,
      0.777778,
      0.777778,
      0.777778,
      0.777778,
      0.777778,
      0.777778,
      0.8179700374737191,
      0.8179700374737191,
      0.8895137178936589,
      1.0729560355955876
    ],
    "persistence": [
      0.0,
      0.0,
      0.0,
      0.0,
      0.0,
      0.0,
      0.04019203747371913,
      0.0,
      0.0,
      0.0,
      0.0,
      0.0,
      0.0,
      0.0,
      0.040192037473719244,
      0.040192037473719244,
      0.0,
      0.0
    ],
    "vertex_times": [
      0,
      1,
      2,
      3,
      4,
      5,
      5.640293737478192,
      6,
      7,
      8,
      9,
      10,
      11,
      12,
      12.359706262521808,
      12.359706262521808,
      13,
      14
    ],
    "dist_from_diag": 0.02842006224737067
  }
}